/* SPDX-License-Identifier: GPL-2.0 */
/*
 * Perfect DOS VGA 437 by Zeh Fernando
 *
 * Bitmap version by Matvey Safronov (https://github.com/msafronov):
 * https://github.com/msafronov/perfect-dos-vga-437/blob/main/16x32.txt
 */

#ifndef _VIDEO_FONT_VGA_16X32_
#define _VIDEO_FONT_VGA_16X32_

#include <video_font_data.h>

static unsigned char video_fontdata_16x32[VIDEO_FONT_SIZE(256, 16, 32)] = {
	0x00, 0x00, 0x00, 0x00, 0x00, 0x00, 0x00, 0x00, 0x00, 0x00, 0x00, 0x00, 0x00,
	0x00, 0x00, 0x00, 0x00, 0x00, 0x00, 0x00, 0x00, 0x00, 0x00, 0x00, 0x00, 0x00,
	0x00, 0x00, 0x00, 0x00, 0x00, 0x00, 0x00, 0x00, 0x00, 0x00, 0x00, 0x00, 0x00,
	0x00, 0x00, 0x00, 0x00, 0x00, 0x00, 0x00, 0x00, 0x00, 0x00, 0x00, 0x00, 0x00,
	0x00, 0x00, 0x00, 0x00, 0x00, 0x00, 0x00, 0x00, 0x00, 0x00, 0x00, 0x00,

	0x00, 0x00, 0x00, 0x00, 0x00, 0x00, 0x00, 0x00, 0x3f, 0xfc, 0x3f, 0xfc, 0xc0,
	0x03, 0xc0, 0x03, 0xcc, 0x33, 0xcc, 0x33, 0xc0, 0x03, 0xc0, 0x03, 0xc0, 0x03,
	0xc0, 0x03, 0xcf, 0xf3, 0xcf, 0xf3, 0xc3, 0xc3, 0xc3, 0xc3, 0xc0, 0x03, 0xc0,
	0x03, 0xc0, 0x03, 0xc0, 0x03, 0x3f, 0xfc, 0x3f, 0xfc, 0x00, 0x00, 0x00, 0x00,
	0x00, 0x00, 0x00, 0x00, 0x00, 0x00, 0x00, 0x00, 0x00, 0x00, 0x00, 0x00,

	0x00, 0x00, 0x00, 0x00, 0x00, 0x00, 0x00, 0x00, 0x3f, 0xfc, 0x3f, 0xfc, 0xff,
	0xff, 0xff, 0xff, 0xf3, 0xcf, 0xf3, 0xcf, 0xff, 0xff, 0xff, 0xff, 0xff, 0xff,
	0xff, 0xff, 0xf0, 0x0f, 0xf0, 0x0f, 0xfc, 0x3f, 0xfc, 0x3f, 0xff, 0xff, 0xff,
	0xff, 0xff, 0xff, 0xff, 0xff, 0x3f, 0xfc, 0x3f, 0xfc, 0x00, 0x00, 0x00, 0x00,
	0x00, 0x00, 0x00, 0x00, 0x00, 0x00, 0x00, 0x00, 0x00, 0x00, 0x00, 0x00,

	0x00, 0x00, 0x00, 0x00, 0x00, 0x00, 0x00, 0x00, 0x00, 0x00, 0x00, 0x00, 0x00,
	0x00, 0x00, 0x00, 0x3c, 0xf0, 0x3c, 0xf0, 0xff, 0xfc, 0xff, 0xfc, 0xff, 0xfc,
	0xff, 0xfc, 0xff, 0xfc, 0xff, 0xfc, 0xff, 0xfc, 0xff, 0xfc, 0x3f, 0xf0, 0x3f,
	0xf0, 0x0f, 0xc0, 0x0f, 0xc0, 0x03, 0x00, 0x03, 0x00, 0x00, 0x00, 0x00, 0x00,
	0x00, 0x00, 0x00, 0x00, 0x00, 0x00, 0x00, 0x00, 0x00, 0x00, 0x00, 0x00,

	0x00, 0x00, 0x00, 0x00, 0x00, 0x00, 0x00, 0x00, 0x00, 0x00, 0x00, 0x00, 0x00,
	0x00, 0x00, 0x00, 0x03, 0x00, 0x03, 0x00, 0x0f, 0xc0, 0x0f, 0xc0, 0x3f, 0xf0,
	0x3f, 0xf0, 0xff, 0xfc, 0xff, 0xfc, 0x3f, 0xf0, 0x3f, 0xf0, 0x0f, 0xc0, 0x0f,
	0xc0, 0x03, 0x00, 0x03, 0x00, 0x00, 0x00, 0x00, 0x00, 0x00, 0x00, 0x00, 0x00,
	0x00, 0x00, 0x00, 0x00, 0x00, 0x00, 0x00, 0x00, 0x00, 0x00, 0x00, 0x00,

	0x00, 0x00, 0x00, 0x00, 0x00, 0x00, 0x00, 0x00, 0x00, 0x00, 0x00, 0x00, 0x03,
	0xc0, 0x03, 0xc0, 0x0f, 0xf0, 0x0f, 0xf0, 0x0f, 0xf0, 0x0f, 0xf0, 0xfc, 0x3f,
	0xfc, 0x3f, 0xfc, 0x3f, 0xfc, 0x3f, 0xfc, 0x3f, 0xfc, 0x3f, 0x03, 0xc0, 0x03,
	0xc0, 0x03, 0xc0, 0x03, 0xc0, 0x0f, 0xf0, 0x0f, 0xf0, 0x00, 0x00, 0x00, 0x00,
	0x00, 0x00, 0x00, 0x00, 0x00, 0x00, 0x00, 0x00, 0x00, 0x00, 0x00, 0x00,

	0x00, 0x00, 0x00, 0x00, 0x00, 0x00, 0x00, 0x00, 0x00, 0x00, 0x00, 0x00, 0x03,
	0xc0, 0x03, 0xc0, 0x0f, 0xf0, 0x0f, 0xf0, 0x3f, 0xfc, 0x3f, 0xfc, 0xff, 0xff,
	0xff, 0xff, 0xff, 0xff, 0xff, 0xff, 0x3f, 0xfc, 0x3f, 0xfc, 0x03, 0xc0, 0x03,
	0xc0, 0x03, 0xc0, 0x03, 0xc0, 0x0f, 0xf0, 0x0f, 0xf0, 0x00, 0x00, 0x00, 0x00,
	0x00, 0x00, 0x00, 0x00, 0x00, 0x00, 0x00, 0x00, 0x00, 0x00, 0x00, 0x00,

	0x00, 0x00, 0x00, 0x00, 0x00, 0x00, 0x00, 0x00, 0x00, 0x00, 0x00, 0x00, 0x00,
	0x00, 0x00, 0x00, 0x00, 0x00, 0x00, 0x00, 0x00, 0x00, 0x00, 0x00, 0x03, 0xc0,
	0x03, 0xc0, 0x0f, 0xf0, 0x0f, 0xf0, 0x0f, 0xf0, 0x0f, 0xf0, 0x03, 0xc0, 0x03,
	0xc0, 0x00, 0x00, 0x00, 0x00, 0x00, 0x00, 0x00, 0x00, 0x00, 0x00, 0x00, 0x00,
	0x00, 0x00, 0x00, 0x00, 0x00, 0x00, 0x00, 0x00, 0x00, 0x00, 0x00, 0x00,

	0xff, 0xff, 0xff, 0xff, 0xff, 0xff, 0xff, 0xff, 0xff, 0xff, 0xff, 0xff, 0xff,
	0xff, 0xff, 0xff, 0xff, 0xff, 0xff, 0xff, 0xff, 0xff, 0xff, 0xff, 0xfc, 0x3f,
	0xfc, 0x3f, 0xf0, 0x0f, 0xf0, 0x0f, 0xf0, 0x0f, 0xf0, 0x0f, 0xfc, 0x3f, 0xfc,
	0x3f, 0xff, 0xff, 0xff, 0xff, 0xff, 0xff, 0xff, 0xff, 0xff, 0xff, 0xff, 0xff,
	0xff, 0xff, 0xff, 0xff, 0xff, 0xff, 0xff, 0xff, 0xff, 0xff, 0xff, 0xff,

	0x00, 0x00, 0x00, 0x00, 0x00, 0x00, 0x00, 0x00, 0x00, 0x00, 0x00, 0x00, 0x00,
	0x00, 0x00, 0x00, 0x00, 0x00, 0x00, 0x00, 0x00, 0x00, 0x00, 0x00, 0x00, 0x00,
	0x00, 0x00, 0x00, 0x00, 0x00, 0x00, 0x00, 0x00, 0x00, 0x00, 0x00, 0x00, 0x00,
	0x00, 0x00, 0x00, 0x00, 0x00, 0x00, 0x00, 0x00, 0x00, 0x00, 0x00, 0x00, 0x00,
	0x00, 0x00, 0x00, 0x00, 0x00, 0x00, 0x00, 0x00, 0x00, 0x00, 0x00, 0x00,

	0x00, 0x00, 0x00, 0x00, 0x00, 0x00, 0x00, 0x00, 0x00, 0x00, 0x00, 0x00, 0x00,
	0x00, 0x00, 0x00, 0x00, 0x00, 0x00, 0x00, 0x00, 0x00, 0x00, 0x00, 0x00, 0x00,
	0x00, 0x00, 0x00, 0x00, 0x00, 0x00, 0x00, 0x00, 0x00, 0x00, 0x00, 0x00, 0x00,
	0x00, 0x00, 0x00, 0x00, 0x00, 0x00, 0x00, 0x00, 0x00, 0x00, 0x00, 0x00, 0x00,
	0x00, 0x00, 0x00, 0x00, 0x00, 0x00, 0x00, 0x00, 0x00, 0x00, 0x00, 0x00,

	0x00, 0x00, 0x00, 0x00, 0x00, 0x00, 0x00, 0x00, 0x00, 0x00, 0x00, 0x00, 0x00,
	0x00, 0x00, 0x00, 0x00, 0x00, 0x00, 0x00, 0x00, 0x00, 0x00, 0x00, 0x00, 0x00,
	0x00, 0x00, 0x00, 0x00, 0x00, 0x00, 0x00, 0x00, 0x00, 0x00, 0x00, 0x00, 0x00,
	0x00, 0x00, 0x00, 0x00, 0x00, 0x00, 0x00, 0x00, 0x00, 0x00, 0x00, 0x00, 0x00,
	0x00, 0x00, 0x00, 0x00, 0x00, 0x00, 0x00, 0x00, 0x00, 0x00, 0x00, 0x00,

	0x00, 0x00, 0x00, 0x00, 0x00, 0x00, 0x00, 0x00, 0x00, 0x00, 0x00, 0x00, 0x00,
	0x00, 0x00, 0x00, 0x00, 0x00, 0x00, 0x00, 0x00, 0x00, 0x00, 0x00, 0x00, 0x00,
	0x00, 0x00, 0x00, 0x00, 0x00, 0x00, 0x00, 0x00, 0x00, 0x00, 0x00, 0x00, 0x00,
	0x00, 0x00, 0x00, 0x00, 0x00, 0x00, 0x00, 0x00, 0x00, 0x00, 0x00, 0x00, 0x00,
	0x00, 0x00, 0x00, 0x00, 0x00, 0x00, 0x00, 0x00, 0x00, 0x00, 0x00, 0x00,

	0x00, 0x00, 0x00, 0x00, 0x00, 0x00, 0x00, 0x00, 0x00, 0x00, 0x00, 0x00, 0x00,
	0x00, 0x00, 0x00, 0x00, 0x00, 0x00, 0x00, 0x00, 0x00, 0x00, 0x00, 0x00, 0x00,
	0x00, 0x00, 0x00, 0x00, 0x00, 0x00, 0x00, 0x00, 0x00, 0x00, 0x00, 0x00, 0x00,
	0x00, 0x00, 0x00, 0x00, 0x00, 0x00, 0x00, 0x00, 0x00, 0x00, 0x00, 0x00, 0x00,
	0x00, 0x00, 0x00, 0x00, 0x00, 0x00, 0x00, 0x00, 0x00, 0x00, 0x00, 0x00,

	0x00, 0x00, 0x00, 0x00, 0x00, 0x00, 0x00, 0x00, 0x3f, 0xff, 0x3f, 0xff, 0x3c,
	0x0f, 0x3c, 0x0f, 0x3f, 0xff, 0x3f, 0xff, 0x3c, 0x0f, 0x3c, 0x0f, 0x3c, 0x0f,
	0x3c, 0x0f, 0x3c, 0x0f, 0x3c, 0x0f, 0x3c, 0x3f, 0x3c, 0x3f, 0xfc, 0x3f, 0xfc,
	0x3f, 0xfc, 0x3c, 0xfc, 0x3c, 0xf0, 0x00, 0xf0, 0x00, 0x00, 0x00, 0x00, 0x00,
	0x00, 0x00, 0x00, 0x00, 0x00, 0x00, 0x00, 0x00, 0x00, 0x00, 0x00, 0x00,

	0x00, 0x00, 0x00, 0x00, 0x00, 0x00, 0x00, 0x00, 0x00, 0x00, 0x00, 0x00, 0x03,
	0xc0, 0x03, 0xc0, 0x03, 0xc0, 0x03, 0xc0, 0xf3, 0xcf, 0xf3, 0xcf, 0x0f, 0xf0,
	0x0f, 0xf0, 0xfc, 0x3f, 0xfc, 0x3f, 0x0f, 0xf0, 0x0f, 0xf0, 0xf3, 0xcf, 0xf3,
	0xcf, 0x03, 0xc0, 0x03, 0xc0, 0x03, 0xc0, 0x03, 0xc0, 0x00, 0x00, 0x00, 0x00,
	0x00, 0x00, 0x00, 0x00, 0x00, 0x00, 0x00, 0x00, 0x00, 0x00, 0x00, 0x00,

	0x00, 0x00, 0x00, 0x00, 0xc0, 0x00, 0xc0, 0x00, 0xf0, 0x00, 0xf0, 0x00, 0xfc,
	0x00, 0xfc, 0x00, 0xff, 0x00, 0xff, 0x00, 0xff, 0xc0, 0xff, 0xc0, 0xff, 0xfc,
	0xff, 0xfc, 0xff, 0xc0, 0xff, 0xc0, 0xff, 0x00, 0xff, 0x00, 0xfc, 0x00, 0xfc,
	0x00, 0xf0, 0x00, 0xf0, 0x00, 0xc0, 0x00, 0xc0, 0x00, 0x00, 0x00, 0x00, 0x00,
	0x00, 0x00, 0x00, 0x00, 0x00, 0x00, 0x00, 0x00, 0x00, 0x00, 0x00, 0x00,

	0x00, 0x00, 0x00, 0x00, 0x00, 0x0c, 0x00, 0x0c, 0x00, 0x3c, 0x00, 0x3c, 0x00,
	0xfc, 0x00, 0xfc, 0x03, 0xfc, 0x03, 0xfc, 0x0f, 0xfc, 0x0f, 0xfc, 0xff, 0xfc,
	0xff, 0xfc, 0x0f, 0xfc, 0x0f, 0xfc, 0x03, 0xfc, 0x03, 0xfc, 0x00, 0xfc, 0x00,
	0xfc, 0x00, 0x3c, 0x00, 0x3c, 0x00, 0x0c, 0x00, 0x0c, 0x00, 0x00, 0x00, 0x00,
	0x00, 0x00, 0x00, 0x00, 0x00, 0x00, 0x00, 0x00, 0x00, 0x00, 0x00, 0x00,

	0x00, 0x00, 0x00, 0x00, 0x00, 0x00, 0x00, 0x00, 0x03, 0xc0, 0x03, 0xc0, 0x0f,
	0xf0, 0x0f, 0xf0, 0x3f, 0xfc, 0x3f, 0xfc, 0x03, 0xc0, 0x03, 0xc0, 0x03, 0xc0,
	0x03, 0xc0, 0x03, 0xc0, 0x03, 0xc0, 0x3f, 0xfc, 0x3f, 0xfc, 0x0f, 0xf0, 0x0f,
	0xf0, 0x03, 0xc0, 0x03, 0xc0, 0x00, 0x00, 0x00, 0x00, 0x00, 0x00, 0x00, 0x00,
	0x00, 0x00, 0x00, 0x00, 0x00, 0x00, 0x00, 0x00, 0x00, 0x00, 0x00, 0x00,

	0x00, 0x00, 0x00, 0x00, 0x00, 0x00, 0x00, 0x00, 0x3c, 0x3c, 0x3c, 0x3c, 0x3c,
	0x3c, 0x3c, 0x3c, 0x3c, 0x3c, 0x3c, 0x3c, 0x3c, 0x3c, 0x3c, 0x3c, 0x3c, 0x3c,
	0x3c, 0x3c, 0x3c, 0x3c, 0x3c, 0x3c, 0x3c, 0x3c, 0x3c, 0x3c, 0x00, 0x00, 0x00,
	0x00, 0x3c, 0x3c, 0x3c, 0x3c, 0x3c, 0x3c, 0x3c, 0x3c, 0x00, 0x00, 0x00, 0x00,
	0x00, 0x00, 0x00, 0x00, 0x00, 0x00, 0x00, 0x00, 0x00, 0x00, 0x00, 0x00,

	0x00, 0x00, 0x00, 0x00, 0x00, 0x00, 0x00, 0x00, 0x3f, 0xff, 0x3f, 0xff, 0xf3,
	0xcf, 0xf3, 0xcf, 0xf3, 0xcf, 0xf3, 0xcf, 0xf3, 0xcf, 0xf3, 0xcf, 0x3f, 0xcf,
	0x3f, 0xcf, 0x03, 0xcf, 0x03, 0xcf, 0x03, 0xcf, 0x03, 0xcf, 0x03, 0xcf, 0x03,
	0xcf, 0x03, 0xcf, 0x03, 0xcf, 0x03, 0xcf, 0x03, 0xcf, 0x00, 0x00, 0x00, 0x00,
	0x00, 0x00, 0x00, 0x00, 0x00, 0x00, 0x00, 0x00, 0x00, 0x00, 0x00, 0x00,

	0x00, 0x00, 0x00, 0x00, 0x3f, 0xf0, 0x3f, 0xf0, 0xf0, 0x3c, 0xf0, 0x3c, 0x3c,
	0x00, 0x3c, 0x00, 0x0f, 0xc0, 0x0f, 0xc0, 0x3c, 0xf0, 0x3c, 0xf0, 0xf0, 0x3c,
	0xf0, 0x3c, 0xf0, 0x3c, 0xf0, 0x3c, 0x3c, 0xf0, 0x3c, 0xf0, 0x0f, 0xc0, 0x0f,
	0xc0, 0x00, 0xf0, 0x00, 0xf0, 0xf0, 0x3c, 0xf0, 0x3c, 0x3f, 0xf0, 0x3f, 0xf0,
	0x00, 0x00, 0x00, 0x00, 0x00, 0x00, 0x00, 0x00, 0x00, 0x00, 0x00, 0x00,

	0x00, 0x00, 0x00, 0x00, 0x00, 0x00, 0x00, 0x00, 0x00, 0x00, 0x00, 0x00, 0x00,
	0x00, 0x00, 0x00, 0x00, 0x00, 0x00, 0x00, 0x00, 0x00, 0x00, 0x00, 0x00, 0x00,
	0x00, 0x00, 0x00, 0x00, 0x00, 0x00, 0xff, 0xfc, 0xff, 0xfc, 0xff, 0xfc, 0xff,
	0xfc, 0xff, 0xfc, 0xff, 0xfc, 0xff, 0xfc, 0xff, 0xfc, 0x00, 0x00, 0x00, 0x00,
	0x00, 0x00, 0x00, 0x00, 0x00, 0x00, 0x00, 0x00, 0x00, 0x00, 0x00, 0x00,

	0x00, 0x00, 0x00, 0x00, 0x00, 0x00, 0x00, 0x00, 0x03, 0xc0, 0x03, 0xc0, 0x0f,
	0xf0, 0x0f, 0xf0, 0x3f, 0xfc, 0x3f, 0xfc, 0x03, 0xc0, 0x03, 0xc0, 0x03, 0xc0,
	0x03, 0xc0, 0x03, 0xc0, 0x03, 0xc0, 0x3f, 0xfc, 0x3f, 0xfc, 0x0f, 0xf0, 0x0f,
	0xf0, 0x03, 0xc0, 0x03, 0xc0, 0x3f, 0xfc, 0x3f, 0xfc, 0x00, 0x00, 0x00, 0x00,
	0x00, 0x00, 0x00, 0x00, 0x00, 0x00, 0x00, 0x00, 0x00, 0x00, 0x00, 0x00,

	0x00, 0x00, 0x00, 0x00, 0x00, 0x00, 0x00, 0x00, 0x03, 0xc0, 0x03, 0xc0, 0x0f,
	0xf0, 0x0f, 0xf0, 0x3f, 0xfc, 0x3f, 0xfc, 0x03, 0xc0, 0x03, 0xc0, 0x03, 0xc0,
	0x03, 0xc0, 0x03, 0xc0, 0x03, 0xc0, 0x03, 0xc0, 0x03, 0xc0, 0x03, 0xc0, 0x03,
	0xc0, 0x03, 0xc0, 0x03, 0xc0, 0x03, 0xc0, 0x03, 0xc0, 0x00, 0x00, 0x00, 0x00,
	0x00, 0x00, 0x00, 0x00, 0x00, 0x00, 0x00, 0x00, 0x00, 0x00, 0x00, 0x00,

	0x00, 0x00, 0x00, 0x00, 0x00, 0x00, 0x00, 0x00, 0x03, 0xc0, 0x03, 0xc0, 0x03,
	0xc0, 0x03, 0xc0, 0x03, 0xc0, 0x03, 0xc0, 0x03, 0xc0, 0x03, 0xc0, 0x03, 0xc0,
	0x03, 0xc0, 0x03, 0xc0, 0x03, 0xc0, 0x03, 0xc0, 0x03, 0xc0, 0x3f, 0xfc, 0x3f,
	0xfc, 0x0f, 0xf0, 0x0f, 0xf0, 0x03, 0xc0, 0x03, 0xc0, 0x00, 0x00, 0x00, 0x00,
	0x00, 0x00, 0x00, 0x00, 0x00, 0x00, 0x00, 0x00, 0x00, 0x00, 0x00, 0x00,

	0x00, 0x00, 0x00, 0x00, 0x00, 0x00, 0x00, 0x00, 0x00, 0x00, 0x00, 0x00, 0x00,
	0x00, 0x00, 0x00, 0x00, 0x00, 0x00, 0x00, 0x03, 0xc0, 0x03, 0xc0, 0x00, 0xf0,
	0x00, 0xf0, 0xff, 0xfc, 0xff, 0xfc, 0x00, 0xf0, 0x00, 0xf0, 0x03, 0xc0, 0x03,
	0xc0, 0x00, 0x00, 0x00, 0x00, 0x00, 0x00, 0x00, 0x00, 0x00, 0x00, 0x00, 0x00,
	0x00, 0x00, 0x00, 0x00, 0x00, 0x00, 0x00, 0x00, 0x00, 0x00, 0x00, 0x00,

	0x00, 0x00, 0x00, 0x00, 0x00, 0x00, 0x00, 0x00, 0x00, 0x00, 0x00, 0x00, 0x00,
	0x00, 0x00, 0x00, 0x00, 0x00, 0x00, 0x00, 0x0f, 0x00, 0x0f, 0x00, 0x3c, 0x00,
	0x3c, 0x00, 0xff, 0xfc, 0xff, 0xfc, 0x3c, 0x00, 0x3c, 0x00, 0x0f, 0x00, 0x0f,
	0x00, 0x00, 0x00, 0x00, 0x00, 0x00, 0x00, 0x00, 0x00, 0x00, 0x00, 0x00, 0x00,
	0x00, 0x00, 0x00, 0x00, 0x00, 0x00, 0x00, 0x00, 0x00, 0x00, 0x00, 0x00,

	0x00, 0x00, 0x00, 0x00, 0x00, 0x00, 0x00, 0x00, 0x00, 0x00, 0x00, 0x00, 0x00,
	0x00, 0x00, 0x00, 0x00, 0x00, 0x00, 0x00, 0x00, 0x00, 0x00, 0x00, 0xf0, 0x00,
	0xf0, 0x00, 0xf0, 0x00, 0xf0, 0x00, 0xf0, 0x00, 0xf0, 0x00, 0xff, 0xfc, 0xff,
	0xfc, 0x00, 0x00, 0x00, 0x00, 0x00, 0x00, 0x00, 0x00, 0x00, 0x00, 0x00, 0x00,
	0x00, 0x00, 0x00, 0x00, 0x00, 0x00, 0x00, 0x00, 0x00, 0x00, 0x00, 0x00,

	0x00, 0x00, 0x00, 0x00, 0x00, 0x00, 0x00, 0x00, 0x00, 0x00, 0x00, 0x00, 0x00,
	0x00, 0x00, 0x00, 0x00, 0x00, 0x00, 0x00, 0x0c, 0xc0, 0x0c, 0xc0, 0x3c, 0xf0,
	0x3c, 0xf0, 0xff, 0xfc, 0xff, 0xfc, 0x3c, 0xf0, 0x3c, 0xf0, 0x0c, 0xc0, 0x0c,
	0xc0, 0x00, 0x00, 0x00, 0x00, 0x00, 0x00, 0x00, 0x00, 0x00, 0x00, 0x00, 0x00,
	0x00, 0x00, 0x00, 0x00, 0x00, 0x00, 0x00, 0x00, 0x00, 0x00, 0x00, 0x00,

	0x00, 0x00, 0x00, 0x00, 0x00, 0x00, 0x00, 0x00, 0x00, 0x00, 0x00, 0x00, 0x00,
	0x00, 0x00, 0x00, 0x03, 0x00, 0x03, 0x00, 0x0f, 0xc0, 0x0f, 0xc0, 0x0f, 0xc0,
	0x0f, 0xc0, 0x3f, 0xf0, 0x3f, 0xf0, 0x3f, 0xf0, 0x3f, 0xf0, 0xff, 0xfc, 0xff,
	0xfc, 0xff, 0xfc, 0xff, 0xfc, 0x00, 0x00, 0x00, 0x00, 0x00, 0x00, 0x00, 0x00,
	0x00, 0x00, 0x00, 0x00, 0x00, 0x00, 0x00, 0x00, 0x00, 0x00, 0x00, 0x00,

	0x00, 0x00, 0x00, 0x00, 0x00, 0x00, 0x00, 0x00, 0x00, 0x00, 0x00, 0x00, 0x00,
	0x00, 0x00, 0x00, 0xff, 0xfc, 0xff, 0xfc, 0xff, 0xfc, 0xff, 0xfc, 0x3f, 0xf0,
	0x3f, 0xf0, 0x3f, 0xf0, 0x3f, 0xf0, 0x0f, 0xc0, 0x0f, 0xc0, 0x0f, 0xc0, 0x0f,
	0xc0, 0x03, 0x00, 0x03, 0x00, 0x00, 0x00, 0x00, 0x00, 0x00, 0x00, 0x00, 0x00,
	0x00, 0x00, 0x00, 0x00, 0x00, 0x00, 0x00, 0x00, 0x00, 0x00, 0x00, 0x00,

	0x00, 0x00, 0x00, 0x00, 0x00, 0x00, 0x00, 0x00, 0x00, 0x00, 0x00, 0x00, 0x00,
	0x00, 0x00, 0x00, 0x00, 0x00, 0x00, 0x00, 0x00, 0x00, 0x00, 0x00, 0x00, 0x00,
	0x00, 0x00, 0x00, 0x00, 0x00, 0x00, 0x00, 0x00, 0x00, 0x00, 0x00, 0x00, 0x00,
	0x00, 0x00, 0x00, 0x00, 0x00, 0x00, 0x00, 0x00, 0x00, 0x00, 0x00, 0x00, 0x00,
	0x00, 0x00, 0x00, 0x00, 0x00, 0x00, 0x00, 0x00, 0x00, 0x00, 0x00, 0x00,

	0x00, 0x00, 0x00, 0x00, 0x00, 0x00, 0x00, 0x00, 0x03, 0xc0, 0x03, 0xc0, 0x0f,
	0xf0, 0x0f, 0xf0, 0x0f, 0xf0, 0x0f, 0xf0, 0x0f, 0xf0, 0x0f, 0xf0, 0x03, 0xc0,
	0x03, 0xc0, 0x03, 0xc0, 0x03, 0xc0, 0x03, 0xc0, 0x03, 0xc0, 0x00, 0x00, 0x00,
	0x00, 0x03, 0xc0, 0x03, 0xc0, 0x03, 0xc0, 0x03, 0xc0, 0x00, 0x00, 0x00, 0x00,
	0x00, 0x00, 0x00, 0x00, 0x00, 0x00, 0x00, 0x00, 0x00, 0x00, 0x00, 0x00,

	0x00, 0x00, 0x00, 0x00, 0x3c, 0x3c, 0x3c, 0x3c, 0x3c, 0x3c, 0x3c, 0x3c, 0x3c,
	0x3c, 0x3c, 0x3c, 0x0c, 0x30, 0x0c, 0x30, 0x00, 0x00, 0x00, 0x00, 0x00, 0x00,
	0x00, 0x00, 0x00, 0x00, 0x00, 0x00, 0x00, 0x00, 0x00, 0x00, 0x00, 0x00, 0x00,
	0x00, 0x00, 0x00, 0x00, 0x00, 0x00, 0x00, 0x00, 0x00, 0x00, 0x00, 0x00, 0x00,
	0x00, 0x00, 0x00, 0x00, 0x00, 0x00, 0x00, 0x00, 0x00, 0x00, 0x00, 0x00,

	0x00, 0x00, 0x00, 0x00, 0x00, 0x00, 0x00, 0x00, 0x00, 0x00, 0x00, 0x00, 0x3c,
	0xf0, 0x3c, 0xf0, 0x3c, 0xf0, 0x3c, 0xf0, 0xff, 0xfc, 0xff, 0xfc, 0x3c, 0xf0,
	0x3c, 0xf0, 0x3c, 0xf0, 0x3c, 0xf0, 0x3c, 0xf0, 0x3c, 0xf0, 0xff, 0xfc, 0xff,
	0xfc, 0x3c, 0xf0, 0x3c, 0xf0, 0x3c, 0xf0, 0x3c, 0xf0, 0x00, 0x00, 0x00, 0x00,
	0x00, 0x00, 0x00, 0x00, 0x00, 0x00, 0x00, 0x00, 0x00, 0x00, 0x00, 0x00,

	0x03, 0xc0, 0x03, 0xc0, 0x03, 0xc0, 0x03, 0xc0, 0x3f, 0xf0, 0x3f, 0xf0, 0xf0,
	0x3c, 0xf0, 0x3c, 0xf0, 0x0c, 0xf0, 0x0c, 0xf0, 0x00, 0xf0, 0x00, 0x3f, 0xf0,
	0x3f, 0xf0, 0x00, 0x3c, 0x00, 0x3c, 0x00, 0x3c, 0x00, 0x3c, 0xc0, 0x3c, 0xc0,
	0x3c, 0xf0, 0x3c, 0xf0, 0x3c, 0x3f, 0xf0, 0x3f, 0xf0, 0x03, 0xc0, 0x03, 0xc0,
	0x03, 0xc0, 0x03, 0xc0, 0x00, 0x00, 0x00, 0x00, 0x00, 0x00, 0x00, 0x00,

	0x00, 0x00, 0x00, 0x00, 0x00, 0x00, 0x00, 0x00, 0x00, 0x00, 0x00, 0x00, 0x00,
	0x00, 0x00, 0x00, 0xf0, 0x0c, 0xf0, 0x0c, 0xf0, 0x3c, 0xf0, 0x3c, 0x00, 0xf0,
	0x00, 0xf0, 0x03, 0xc0, 0x03, 0xc0, 0x0f, 0x00, 0x0f, 0x00, 0x3c, 0x00, 0x3c,
	0x00, 0xf0, 0x3c, 0xf0, 0x3c, 0xc0, 0x3c, 0xc0, 0x3c, 0x00, 0x00, 0x00, 0x00,
	0x00, 0x00, 0x00, 0x00, 0x00, 0x00, 0x00, 0x00, 0x00, 0x00, 0x00, 0x00,

	0x00, 0x00, 0x00, 0x00, 0x00, 0x00, 0x00, 0x00, 0x0f, 0xc0, 0x0f, 0xc0, 0x3c,
	0xf0, 0x3c, 0xf0, 0x3c, 0xf0, 0x3c, 0xf0, 0x0f, 0xc0, 0x0f, 0xc0, 0x3f, 0x3c,
	0x3f, 0x3c, 0xf3, 0xf0, 0xf3, 0xf0, 0xf0, 0xf0, 0xf0, 0xf0, 0xf0, 0xf0, 0xf0,
	0xf0, 0xf0, 0xf0, 0xf0, 0xf0, 0x3f, 0x3c, 0x3f, 0x3c, 0x00, 0x00, 0x00, 0x00,
	0x00, 0x00, 0x00, 0x00, 0x00, 0x00, 0x00, 0x00, 0x00, 0x00, 0x00, 0x00,

	0x00, 0x00, 0x00, 0x00, 0x0f, 0x00, 0x0f, 0x00, 0x0f, 0x00, 0x0f, 0x00, 0x0f,
	0x00, 0x0f, 0x00, 0x3c, 0x00, 0x3c, 0x00, 0x00, 0x00, 0x00, 0x00, 0x00, 0x00,
	0x00, 0x00, 0x00, 0x00, 0x00, 0x00, 0x00, 0x00, 0x00, 0x00, 0x00, 0x00, 0x00,
	0x00, 0x00, 0x00, 0x00, 0x00, 0x00, 0x00, 0x00, 0x00, 0x00, 0x00, 0x00, 0x00,
	0x00, 0x00, 0x00, 0x00, 0x00, 0x00, 0x00, 0x00, 0x00, 0x00, 0x00, 0x00,

	0x00, 0x00, 0x00, 0x00, 0x00, 0x00, 0x00, 0x00, 0x00, 0xf0, 0x00, 0xf0, 0x03,
	0xc0, 0x03, 0xc0, 0x0f, 0x00, 0x0f, 0x00, 0x0f, 0x00, 0x0f, 0x00, 0x0f, 0x00,
	0x0f, 0x00, 0x0f, 0x00, 0x0f, 0x00, 0x0f, 0x00, 0x0f, 0x00, 0x0f, 0x00, 0x0f,
	0x00, 0x03, 0xc0, 0x03, 0xc0, 0x00, 0xf0, 0x00, 0xf0, 0x00, 0x00, 0x00, 0x00,
	0x00, 0x00, 0x00, 0x00, 0x00, 0x00, 0x00, 0x00, 0x00, 0x00, 0x00, 0x00,

	0x00, 0x00, 0x00, 0x00, 0x00, 0x00, 0x00, 0x00, 0x0f, 0x00, 0x0f, 0x00, 0x03,
	0xc0, 0x03, 0xc0, 0x00, 0xf0, 0x00, 0xf0, 0x00, 0xf0, 0x00, 0xf0, 0x00, 0xf0,
	0x00, 0xf0, 0x00, 0xf0, 0x00, 0xf0, 0x00, 0xf0, 0x00, 0xf0, 0x00, 0xf0, 0x00,
	0xf0, 0x03, 0xc0, 0x03, 0xc0, 0x0f, 0x00, 0x0f, 0x00, 0x00, 0x00, 0x00, 0x00,
	0x00, 0x00, 0x00, 0x00, 0x00, 0x00, 0x00, 0x00, 0x00, 0x00, 0x00, 0x00,

	0x00, 0x00, 0x00, 0x00, 0x00, 0x00, 0x00, 0x00, 0x00, 0x00, 0x00, 0x00, 0x00,
	0x00, 0x00, 0x00, 0x00, 0x00, 0x00, 0x00, 0x3c, 0x3c, 0x3c, 0x3c, 0x0f, 0xf0,
	0x0f, 0xf0, 0xff, 0xff, 0xff, 0xff, 0x0f, 0xf0, 0x0f, 0xf0, 0x3c, 0x3c, 0x3c,
	0x3c, 0x00, 0x00, 0x00, 0x00, 0x00, 0x00, 0x00, 0x00, 0x00, 0x00, 0x00, 0x00,
	0x00, 0x00, 0x00, 0x00, 0x00, 0x00, 0x00, 0x00, 0x00, 0x00, 0x00, 0x00,

	0x00, 0x00, 0x00, 0x00, 0x00, 0x00, 0x00, 0x00, 0x00, 0x00, 0x00, 0x00, 0x00,
	0x00, 0x00, 0x00, 0x00, 0x00, 0x00, 0x00, 0x03, 0xc0, 0x03, 0xc0, 0x03, 0xc0,
	0x03, 0xc0, 0x3f, 0xfc, 0x3f, 0xfc, 0x03, 0xc0, 0x03, 0xc0, 0x03, 0xc0, 0x03,
	0xc0, 0x00, 0x00, 0x00, 0x00, 0x00, 0x00, 0x00, 0x00, 0x00, 0x00, 0x00, 0x00,
	0x00, 0x00, 0x00, 0x00, 0x00, 0x00, 0x00, 0x00, 0x00, 0x00, 0x00, 0x00,

	0x00, 0x00, 0x00, 0x00, 0x00, 0x00, 0x00, 0x00, 0x00, 0x00, 0x00, 0x00, 0x00,
	0x00, 0x00, 0x00, 0x00, 0x00, 0x00, 0x00, 0x00, 0x00, 0x00, 0x00, 0x00, 0x00,
	0x00, 0x00, 0x00, 0x00, 0x00, 0x00, 0x00, 0x00, 0x00, 0x00, 0x03, 0xc0, 0x03,
	0xc0, 0x03, 0xc0, 0x03, 0xc0, 0x03, 0xc0, 0x03, 0xc0, 0x0f, 0x00, 0x0f, 0x00,
	0x00, 0x00, 0x00, 0x00, 0x00, 0x00, 0x00, 0x00, 0x00, 0x00, 0x00, 0x00,

	0x00, 0x00, 0x00, 0x00, 0x00, 0x00, 0x00, 0x00, 0x00, 0x00, 0x00, 0x00, 0x00,
	0x00, 0x00, 0x00, 0x00, 0x00, 0x00, 0x00, 0x00, 0x00, 0x00, 0x00, 0x00, 0x00,
	0x00, 0x00, 0xff, 0xfc, 0xff, 0xfc, 0x00, 0x00, 0x00, 0x00, 0x00, 0x00, 0x00,
	0x00, 0x00, 0x00, 0x00, 0x00, 0x00, 0x00, 0x00, 0x00, 0x00, 0x00, 0x00, 0x00,
	0x00, 0x00, 0x00, 0x00, 0x00, 0x00, 0x00, 0x00, 0x00, 0x00, 0x00, 0x00,

	0x00, 0x00, 0x00, 0x00, 0x00, 0x00, 0x00, 0x00, 0x00, 0x00, 0x00, 0x00, 0x00,
	0x00, 0x00, 0x00, 0x00, 0x00, 0x00, 0x00, 0x00, 0x00, 0x00, 0x00, 0x00, 0x00,
	0x00, 0x00, 0x00, 0x00, 0x00, 0x00, 0x00, 0x00, 0x00, 0x00, 0x00, 0x00, 0x00,
	0x00, 0x03, 0xc0, 0x03, 0xc0, 0x03, 0xc0, 0x03, 0xc0, 0x00, 0x00, 0x00, 0x00,
	0x00, 0x00, 0x00, 0x00, 0x00, 0x00, 0x00, 0x00, 0x00, 0x00, 0x00, 0x00,

	0x00, 0x00, 0x00, 0x00, 0x00, 0x00, 0x00, 0x00, 0x00, 0x00, 0x00, 0x00, 0x00,
	0x00, 0x00, 0x00, 0x00, 0x0c, 0x00, 0x0c, 0x00, 0x3c, 0x00, 0x3c, 0x00, 0xf0,
	0x00, 0xf0, 0x03, 0xc0, 0x03, 0xc0, 0x0f, 0x00, 0x0f, 0x00, 0x3c, 0x00, 0x3c,
	0x00, 0xf0, 0x00, 0xf0, 0x00, 0xc0, 0x00, 0xc0, 0x00, 0x00, 0x00, 0x00, 0x00,
	0x00, 0x00, 0x00, 0x00, 0x00, 0x00, 0x00, 0x00, 0x00, 0x00, 0x00, 0x00,

	0x00, 0x00, 0x00, 0x00, 0x00, 0x00, 0x00, 0x00, 0x0f, 0xc0, 0x0f, 0xc0, 0x3c,
	0xf0, 0x3c, 0xf0, 0xf0, 0x3c, 0xf0, 0x3c, 0xf0, 0x3c, 0xf0, 0x3c, 0xf3, 0x3c,
	0xf3, 0x3c, 0xf3, 0x3c, 0xf3, 0x3c, 0xf0, 0x3c, 0xf0, 0x3c, 0xf0, 0x3c, 0xf0,
	0x3c, 0x3c, 0xf0, 0x3c, 0xf0, 0x0f, 0xc0, 0x0f, 0xc0, 0x00, 0x00, 0x00, 0x00,
	0x00, 0x00, 0x00, 0x00, 0x00, 0x00, 0x00, 0x00, 0x00, 0x00, 0x00, 0x00,

	0x00, 0x00, 0x00, 0x00, 0x00, 0x00, 0x00, 0x00, 0x03, 0xc0, 0x03, 0xc0, 0x0f,
	0xc0, 0x0f, 0xc0, 0x3f, 0xc0, 0x3f, 0xc0, 0x03, 0xc0, 0x03, 0xc0, 0x03, 0xc0,
	0x03, 0xc0, 0x03, 0xc0, 0x03, 0xc0, 0x03, 0xc0, 0x03, 0xc0, 0x03, 0xc0, 0x03,
	0xc0, 0x03, 0xc0, 0x03, 0xc0, 0x3f, 0xfc, 0x3f, 0xfc, 0x00, 0x00, 0x00, 0x00,
	0x00, 0x00, 0x00, 0x00, 0x00, 0x00, 0x00, 0x00, 0x00, 0x00, 0x00, 0x00,

	0x00, 0x00, 0x00, 0x00, 0x00, 0x00, 0x00, 0x00, 0x3f, 0xf0, 0x3f, 0xf0, 0xf0,
	0x3c, 0xf0, 0x3c, 0x00, 0x3c, 0x00, 0x3c, 0x00, 0xf0, 0x00, 0xf0, 0x03, 0xc0,
	0x03, 0xc0, 0x0f, 0x00, 0x0f, 0x00, 0x3c, 0x00, 0x3c, 0x00, 0xf0, 0x00, 0xf0,
	0x00, 0xf0, 0x3c, 0xf0, 0x3c, 0xff, 0xfc, 0xff, 0xfc, 0x00, 0x00, 0x00, 0x00,
	0x00, 0x00, 0x00, 0x00, 0x00, 0x00, 0x00, 0x00, 0x00, 0x00, 0x00, 0x00,

	0x00, 0x00, 0x00, 0x00, 0x00, 0x00, 0x00, 0x00, 0x3f, 0xf0, 0x3f, 0xf0, 0xf0,
	0x3c, 0xf0, 0x3c, 0x00, 0x3c, 0x00, 0x3c, 0x00, 0x3c, 0x00, 0x3c, 0x0f, 0xf0,
	0x0f, 0xf0, 0x00, 0x3c, 0x00, 0x3c, 0x00, 0x3c, 0x00, 0x3c, 0x00, 0x3c, 0x00,
	0x3c, 0xf0, 0x3c, 0xf0, 0x3c, 0x3f, 0xf0, 0x3f, 0xf0, 0x00, 0x00, 0x00, 0x00,
	0x00, 0x00, 0x00, 0x00, 0x00, 0x00, 0x00, 0x00, 0x00, 0x00, 0x00, 0x00,

	0x00, 0x00, 0x00, 0x00, 0x00, 0x00, 0x00, 0x00, 0x00, 0xf0, 0x00, 0xf0, 0x03,
	0xf0, 0x03, 0xf0, 0x0f, 0xf0, 0x0f, 0xf0, 0x3c, 0xf0, 0x3c, 0xf0, 0xf0, 0xf0,
	0xf0, 0xf0, 0xff, 0xfc, 0xff, 0xfc, 0x00, 0xf0, 0x00, 0xf0, 0x00, 0xf0, 0x00,
	0xf0, 0x00, 0xf0, 0x00, 0xf0, 0x03, 0xfc, 0x03, 0xfc, 0x00, 0x00, 0x00, 0x00,
	0x00, 0x00, 0x00, 0x00, 0x00, 0x00, 0x00, 0x00, 0x00, 0x00, 0x00, 0x00,

	0x00, 0x00, 0x00, 0x00, 0x00, 0x00, 0x00, 0x00, 0xff, 0xfc, 0xff, 0xfc, 0xf0,
	0x00, 0xf0, 0x00, 0xf0, 0x00, 0xf0, 0x00, 0xf0, 0x00, 0xf0, 0x00, 0xff, 0xf0,
	0xff, 0xf0, 0x00, 0x3c, 0x00, 0x3c, 0x00, 0x3c, 0x00, 0x3c, 0x00, 0x3c, 0x00,
	0x3c, 0xf0, 0x3c, 0xf0, 0x3c, 0x3f, 0xf0, 0x3f, 0xf0, 0x00, 0x00, 0x00, 0x00,
	0x00, 0x00, 0x00, 0x00, 0x00, 0x00, 0x00, 0x00, 0x00, 0x00, 0x00, 0x00,

	0x00, 0x00, 0x00, 0x00, 0x00, 0x00, 0x00, 0x00, 0x0f, 0xc0, 0x0f, 0xc0, 0x3c,
	0x00, 0x3c, 0x00, 0xf0, 0x00, 0xf0, 0x00, 0xf0, 0x00, 0xf0, 0x00, 0xff, 0xf0,
	0xff, 0xf0, 0xf0, 0x3c, 0xf0, 0x3c, 0xf0, 0x3c, 0xf0, 0x3c, 0xf0, 0x3c, 0xf0,
	0x3c, 0xf0, 0x3c, 0xf0, 0x3c, 0x3f, 0xf0, 0x3f, 0xf0, 0x00, 0x00, 0x00, 0x00,
	0x00, 0x00, 0x00, 0x00, 0x00, 0x00, 0x00, 0x00, 0x00, 0x00, 0x00, 0x00,

	0x00, 0x00, 0x00, 0x00, 0x00, 0x00, 0x00, 0x00, 0xff, 0xfc, 0xff, 0xfc, 0xf0,
	0x3c, 0xf0, 0x3c, 0x00, 0x3c, 0x00, 0x3c, 0x00, 0x3c, 0x00, 0x3c, 0x00, 0xf0,
	0x00, 0xf0, 0x03, 0xc0, 0x03, 0xc0, 0x0f, 0x00, 0x0f, 0x00, 0x0f, 0x00, 0x0f,
	0x00, 0x0f, 0x00, 0x0f, 0x00, 0x0f, 0x00, 0x0f, 0x00, 0x00, 0x00, 0x00, 0x00,
	0x00, 0x00, 0x00, 0x00, 0x00, 0x00, 0x00, 0x00, 0x00, 0x00, 0x00, 0x00,

	0x00, 0x00, 0x00, 0x00, 0x00, 0x00, 0x00, 0x00, 0x3f, 0xf0, 0x3f, 0xf0, 0xf0,
	0x3c, 0xf0, 0x3c, 0xf0, 0x3c, 0xf0, 0x3c, 0xf0, 0x3c, 0xf0, 0x3c, 0x3f, 0xf0,
	0x3f, 0xf0, 0xf0, 0x3c, 0xf0, 0x3c, 0xf0, 0x3c, 0xf0, 0x3c, 0xf0, 0x3c, 0xf0,
	0x3c, 0xf0, 0x3c, 0xf0, 0x3c, 0x3f, 0xf0, 0x3f, 0xf0, 0x00, 0x00, 0x00, 0x00,
	0x00, 0x00, 0x00, 0x00, 0x00, 0x00, 0x00, 0x00, 0x00, 0x00, 0x00, 0x00,

	0x00, 0x00, 0x00, 0x00, 0x00, 0x00, 0x00, 0x00, 0x3f, 0xf0, 0x3f, 0xf0, 0xf0,
	0x3c, 0xf0, 0x3c, 0xf0, 0x3c, 0xf0, 0x3c, 0xf0, 0x3c, 0xf0, 0x3c, 0x3f, 0xfc,
	0x3f, 0xfc, 0x00, 0x3c, 0x00, 0x3c, 0x00, 0x3c, 0x00, 0x3c, 0x00, 0x3c, 0x00,
	0x3c, 0x00, 0xf0, 0x00, 0xf0, 0x3f, 0xc0, 0x3f, 0xc0, 0x00, 0x00, 0x00, 0x00,
	0x00, 0x00, 0x00, 0x00, 0x00, 0x00, 0x00, 0x00, 0x00, 0x00, 0x00, 0x00,

	0x00, 0x00, 0x00, 0x00, 0x00, 0x00, 0x00, 0x00, 0x00, 0x00, 0x00, 0x00, 0x00,
	0x00, 0x00, 0x00, 0x03, 0xc0, 0x03, 0xc0, 0x03, 0xc0, 0x03, 0xc0, 0x00, 0x00,
	0x00, 0x00, 0x00, 0x00, 0x00, 0x00, 0x00, 0x00, 0x00, 0x00, 0x03, 0xc0, 0x03,
	0xc0, 0x03, 0xc0, 0x03, 0xc0, 0x00, 0x00, 0x00, 0x00, 0x00, 0x00, 0x00, 0x00,
	0x00, 0x00, 0x00, 0x00, 0x00, 0x00, 0x00, 0x00, 0x00, 0x00, 0x00, 0x00,

	0x00, 0x00, 0x00, 0x00, 0x00, 0x00, 0x00, 0x00, 0x00, 0x00, 0x00, 0x00, 0x00,
	0x00, 0x00, 0x00, 0x03, 0xc0, 0x03, 0xc0, 0x03, 0xc0, 0x03, 0xc0, 0x00, 0x00,
	0x00, 0x00, 0x00, 0x00, 0x00, 0x00, 0x00, 0x00, 0x00, 0x00, 0x03, 0xc0, 0x03,
	0xc0, 0x03, 0xc0, 0x03, 0xc0, 0x0f, 0x00, 0x0f, 0x00, 0x00, 0x00, 0x00, 0x00,
	0x00, 0x00, 0x00, 0x00, 0x00, 0x00, 0x00, 0x00, 0x00, 0x00, 0x00, 0x00,

	0x00, 0x00, 0x00, 0x00, 0x00, 0x00, 0x00, 0x00, 0x00, 0x00, 0x00, 0x00, 0x00,
	0x3c, 0x00, 0x3c, 0x00, 0xf0, 0x00, 0xf0, 0x03, 0xc0, 0x03, 0xc0, 0x0f, 0x00,
	0x0f, 0x00, 0x3c, 0x00, 0x3c, 0x00, 0x0f, 0x00, 0x0f, 0x00, 0x03, 0xc0, 0x03,
	0xc0, 0x00, 0xf0, 0x00, 0xf0, 0x00, 0x3c, 0x00, 0x3c, 0x00, 0x00, 0x00, 0x00,
	0x00, 0x00, 0x00, 0x00, 0x00, 0x00, 0x00, 0x00, 0x00, 0x00, 0x00, 0x00,

	0x00, 0x00, 0x00, 0x00, 0x00, 0x00, 0x00, 0x00, 0x00, 0x00, 0x00, 0x00, 0x00,
	0x00, 0x00, 0x00, 0x00, 0x00, 0x00, 0x00, 0x3f, 0xfc, 0x3f, 0xfc, 0x00, 0x00,
	0x00, 0x00, 0x00, 0x00, 0x00, 0x00, 0x3f, 0xfc, 0x3f, 0xfc, 0x00, 0x00, 0x00,
	0x00, 0x00, 0x00, 0x00, 0x00, 0x00, 0x00, 0x00, 0x00, 0x00, 0x00, 0x00, 0x00,
	0x00, 0x00, 0x00, 0x00, 0x00, 0x00, 0x00, 0x00, 0x00, 0x00, 0x00, 0x00,

	0x00, 0x00, 0x00, 0x00, 0x00, 0x00, 0x00, 0x00, 0x00, 0x00, 0x00, 0x00, 0x3c,
	0x00, 0x3c, 0x00, 0x0f, 0x00, 0x0f, 0x00, 0x03, 0xc0, 0x03, 0xc0, 0x00, 0xf0,
	0x00, 0xf0, 0x00, 0x3c, 0x00, 0x3c, 0x00, 0xf0, 0x00, 0xf0, 0x03, 0xc0, 0x03,
	0xc0, 0x0f, 0x00, 0x0f, 0x00, 0x3c, 0x00, 0x3c, 0x00, 0x00, 0x00, 0x00, 0x00,
	0x00, 0x00, 0x00, 0x00, 0x00, 0x00, 0x00, 0x00, 0x00, 0x00, 0x00, 0x00,

	0x00, 0x00, 0x00, 0x00, 0x00, 0x00, 0x00, 0x00, 0x3f, 0xf0, 0x3f, 0xf0, 0xf0,
	0x3c, 0xf0, 0x3c, 0xf0, 0x3c, 0xf0, 0x3c, 0x00, 0xf0, 0x00, 0xf0, 0x03, 0xc0,
	0x03, 0xc0, 0x03, 0xc0, 0x03, 0xc0, 0x03, 0xc0, 0x03, 0xc0, 0x00, 0x00, 0x00,
	0x00, 0x03, 0xc0, 0x03, 0xc0, 0x03, 0xc0, 0x03, 0xc0, 0x00, 0x00, 0x00, 0x00,
	0x00, 0x00, 0x00, 0x00, 0x00, 0x00, 0x00, 0x00, 0x00, 0x00, 0x00, 0x00,

	0x00, 0x00, 0x00, 0x00, 0x00, 0x00, 0x00, 0x00, 0x00, 0x00, 0x00, 0x00, 0x3f,
	0xf0, 0x3f, 0xf0, 0xf0, 0x3c, 0xf0, 0x3c, 0xf0, 0x3c, 0xf0, 0x3c, 0xf3, 0xfc,
	0xf3, 0xfc, 0xf3, 0xfc, 0xf3, 0xfc, 0xf3, 0xfc, 0xf3, 0xfc, 0xf3, 0xf0, 0xf3,
	0xf0, 0xf0, 0x00, 0xf0, 0x00, 0x3f, 0xf0, 0x3f, 0xf0, 0x00, 0x00, 0x00, 0x00,
	0x00, 0x00, 0x00, 0x00, 0x00, 0x00, 0x00, 0x00, 0x00, 0x00, 0x00, 0x00,

	0x00, 0x00, 0x00, 0x00, 0x00, 0x00, 0x00, 0x00, 0x03, 0x00, 0x03, 0x00, 0x0f,
	0xc0, 0x0f, 0xc0, 0x3c, 0xf0, 0x3c, 0xf0, 0xf0, 0x3c, 0xf0, 0x3c, 0xf0, 0x3c,
	0xf0, 0x3c, 0xff, 0xfc, 0xff, 0xfc, 0xf0, 0x3c, 0xf0, 0x3c, 0xf0, 0x3c, 0xf0,
	0x3c, 0xf0, 0x3c, 0xf0, 0x3c, 0xf0, 0x3c, 0xf0, 0x3c, 0x00, 0x00, 0x00, 0x00,
	0x00, 0x00, 0x00, 0x00, 0x00, 0x00, 0x00, 0x00, 0x00, 0x00, 0x00, 0x00,

	0x00, 0x00, 0x00, 0x00, 0x00, 0x00, 0x00, 0x00, 0xff, 0xf0, 0xff, 0xf0, 0x3c,
	0x3c, 0x3c, 0x3c, 0x3c, 0x3c, 0x3c, 0x3c, 0x3c, 0x3c, 0x3c, 0x3c, 0x3f, 0xf0,
	0x3f, 0xf0, 0x3c, 0x3c, 0x3c, 0x3c, 0x3c, 0x3c, 0x3c, 0x3c, 0x3c, 0x3c, 0x3c,
	0x3c, 0x3c, 0x3c, 0x3c, 0x3c, 0xff, 0xf0, 0xff, 0xf0, 0x00, 0x00, 0x00, 0x00,
	0x00, 0x00, 0x00, 0x00, 0x00, 0x00, 0x00, 0x00, 0x00, 0x00, 0x00, 0x00,

	0x00, 0x00, 0x00, 0x00, 0x00, 0x00, 0x00, 0x00, 0x0f, 0xf0, 0x0f, 0xf0, 0x3c,
	0x3c, 0x3c, 0x3c, 0xf0, 0x0c, 0xf0, 0x0c, 0xf0, 0x00, 0xf0, 0x00, 0xf0, 0x00,
	0xf0, 0x00, 0xf0, 0x00, 0xf0, 0x00, 0xf0, 0x00, 0xf0, 0x00, 0xf0, 0x0c, 0xf0,
	0x0c, 0x3c, 0x3c, 0x3c, 0x3c, 0x0f, 0xf0, 0x0f, 0xf0, 0x00, 0x00, 0x00, 0x00,
	0x00, 0x00, 0x00, 0x00, 0x00, 0x00, 0x00, 0x00, 0x00, 0x00, 0x00, 0x00,

	0x00, 0x00, 0x00, 0x00, 0x00, 0x00, 0x00, 0x00, 0xff, 0xc0, 0xff, 0xc0, 0x3c,
	0xf0, 0x3c, 0xf0, 0x3c, 0x3c, 0x3c, 0x3c, 0x3c, 0x3c, 0x3c, 0x3c, 0x3c, 0x3c,
	0x3c, 0x3c, 0x3c, 0x3c, 0x3c, 0x3c, 0x3c, 0x3c, 0x3c, 0x3c, 0x3c, 0x3c, 0x3c,
	0x3c, 0x3c, 0xf0, 0x3c, 0xf0, 0xff, 0xc0, 0xff, 0xc0, 0x00, 0x00, 0x00, 0x00,
	0x00, 0x00, 0x00, 0x00, 0x00, 0x00, 0x00, 0x00, 0x00, 0x00, 0x00, 0x00,

	0x00, 0x00, 0x00, 0x00, 0x00, 0x00, 0x00, 0x00, 0xff, 0xfc, 0xff, 0xfc, 0x3c,
	0x3c, 0x3c, 0x3c, 0x3c, 0x0c, 0x3c, 0x0c, 0x3c, 0xc0, 0x3c, 0xc0, 0x3f, 0xc0,
	0x3f, 0xc0, 0x3c, 0xc0, 0x3c, 0xc0, 0x3c, 0x00, 0x3c, 0x00, 0x3c, 0x0c, 0x3c,
	0x0c, 0x3c, 0x3c, 0x3c, 0x3c, 0xff, 0xfc, 0xff, 0xfc, 0x00, 0x00, 0x00, 0x00,
	0x00, 0x00, 0x00, 0x00, 0x00, 0x00, 0x00, 0x00, 0x00, 0x00, 0x00, 0x00,

	0x00, 0x00, 0x00, 0x00, 0x00, 0x00, 0x00, 0x00, 0xff, 0xfc, 0xff, 0xfc, 0x3c,
	0x3c, 0x3c, 0x3c, 0x3c, 0x0c, 0x3c, 0x0c, 0x3c, 0xc0, 0x3c, 0xc0, 0x3f, 0xc0,
	0x3f, 0xc0, 0x3c, 0xc0, 0x3c, 0xc0, 0x3c, 0x00, 0x3c, 0x00, 0x3c, 0x00, 0x3c,
	0x00, 0x3c, 0x00, 0x3c, 0x00, 0xff, 0x00, 0xff, 0x00, 0x00, 0x00, 0x00, 0x00,
	0x00, 0x00, 0x00, 0x00, 0x00, 0x00, 0x00, 0x00, 0x00, 0x00, 0x00, 0x00,

	0x00, 0x00, 0x00, 0x00, 0x00, 0x00, 0x00, 0x00, 0x0f, 0xf0, 0x0f, 0xf0, 0x3c,
	0x3c, 0x3c, 0x3c, 0xf0, 0x0c, 0xf0, 0x0c, 0xf0, 0x00, 0xf0, 0x00, 0xf0, 0x00,
	0xf0, 0x00, 0xf3, 0xfc, 0xf3, 0xfc, 0xf0, 0x3c, 0xf0, 0x3c, 0xf0, 0x3c, 0xf0,
	0x3c, 0x3c, 0x3c, 0x3c, 0x3c, 0x0f, 0xcc, 0x0f, 0xcc, 0x00, 0x00, 0x00, 0x00,
	0x00, 0x00, 0x00, 0x00, 0x00, 0x00, 0x00, 0x00, 0x00, 0x00, 0x00, 0x00,

	0x00, 0x00, 0x00, 0x00, 0x00, 0x00, 0x00, 0x00, 0xf0, 0x3c, 0xf0, 0x3c, 0xf0,
	0x3c, 0xf0, 0x3c, 0xf0, 0x3c, 0xf0, 0x3c, 0xf0, 0x3c, 0xf0, 0x3c, 0xff, 0xfc,
	0xff, 0xfc, 0xf0, 0x3c, 0xf0, 0x3c, 0xf0, 0x3c, 0xf0, 0x3c, 0xf0, 0x3c, 0xf0,
	0x3c, 0xf0, 0x3c, 0xf0, 0x3c, 0xf0, 0x3c, 0xf0, 0x3c, 0x00, 0x00, 0x00, 0x00,
	0x00, 0x00, 0x00, 0x00, 0x00, 0x00, 0x00, 0x00, 0x00, 0x00, 0x00, 0x00,

	0x00, 0x00, 0x00, 0x00, 0x00, 0x00, 0x00, 0x00, 0x0f, 0xf0, 0x0f, 0xf0, 0x03,
	0xc0, 0x03, 0xc0, 0x03, 0xc0, 0x03, 0xc0, 0x03, 0xc0, 0x03, 0xc0, 0x03, 0xc0,
	0x03, 0xc0, 0x03, 0xc0, 0x03, 0xc0, 0x03, 0xc0, 0x03, 0xc0, 0x03, 0xc0, 0x03,
	0xc0, 0x03, 0xc0, 0x03, 0xc0, 0x0f, 0xf0, 0x0f, 0xf0, 0x00, 0x00, 0x00, 0x00,
	0x00, 0x00, 0x00, 0x00, 0x00, 0x00, 0x00, 0x00, 0x00, 0x00, 0x00, 0x00,

	0x00, 0x00, 0x00, 0x00, 0x00, 0x00, 0x00, 0x00, 0x03, 0xfc, 0x03, 0xfc, 0x00,
	0xf0, 0x00, 0xf0, 0x00, 0xf0, 0x00, 0xf0, 0x00, 0xf0, 0x00, 0xf0, 0x00, 0xf0,
	0x00, 0xf0, 0x00, 0xf0, 0x00, 0xf0, 0xf0, 0xf0, 0xf0, 0xf0, 0xf0, 0xf0, 0xf0,
	0xf0, 0xf0, 0xf0, 0xf0, 0xf0, 0x3f, 0xc0, 0x3f, 0xc0, 0x00, 0x00, 0x00, 0x00,
	0x00, 0x00, 0x00, 0x00, 0x00, 0x00, 0x00, 0x00, 0x00, 0x00, 0x00, 0x00,

	0x00, 0x00, 0x00, 0x00, 0x00, 0x00, 0x00, 0x00, 0xfc, 0x3c, 0xfc, 0x3c, 0x3c,
	0x3c, 0x3c, 0x3c, 0x3c, 0x3c, 0x3c, 0x3c, 0x3c, 0xf0, 0x3c, 0xf0, 0x3f, 0xc0,
	0x3f, 0xc0, 0x3f, 0xc0, 0x3f, 0xc0, 0x3c, 0xf0, 0x3c, 0xf0, 0x3c, 0x3c, 0x3c,
	0x3c, 0x3c, 0x3c, 0x3c, 0x3c, 0xfc, 0x3c, 0xfc, 0x3c, 0x00, 0x00, 0x00, 0x00,
	0x00, 0x00, 0x00, 0x00, 0x00, 0x00, 0x00, 0x00, 0x00, 0x00, 0x00, 0x00,

	0x00, 0x00, 0x00, 0x00, 0x00, 0x00, 0x00, 0x00, 0xff, 0x00, 0xff, 0x00, 0x3c,
	0x00, 0x3c, 0x00, 0x3c, 0x00, 0x3c, 0x00, 0x3c, 0x00, 0x3c, 0x00, 0x3c, 0x00,
	0x3c, 0x00, 0x3c, 0x00, 0x3c, 0x00, 0x3c, 0x00, 0x3c, 0x00, 0x3c, 0x0c, 0x3c,
	0x0c, 0x3c, 0x3c, 0x3c, 0x3c, 0xff, 0xfc, 0xff, 0xfc, 0x00, 0x00, 0x00, 0x00,
	0x00, 0x00, 0x00, 0x00, 0x00, 0x00, 0x00, 0x00, 0x00, 0x00, 0x00, 0x00,

	0x00, 0x00, 0x00, 0x00, 0x00, 0x00, 0x00, 0x00, 0xf0, 0x3c, 0xf0, 0x3c, 0xfc,
	0xfc, 0xfc, 0xfc, 0xff, 0xfc, 0xff, 0xfc, 0xff, 0xfc, 0xff, 0xfc, 0xf3, 0x3c,
	0xf3, 0x3c, 0xf0, 0x3c, 0xf0, 0x3c, 0xf0, 0x3c, 0xf0, 0x3c, 0xf0, 0x3c, 0xf0,
	0x3c, 0xf0, 0x3c, 0xf0, 0x3c, 0xf0, 0x3c, 0xf0, 0x3c, 0x00, 0x00, 0x00, 0x00,
	0x00, 0x00, 0x00, 0x00, 0x00, 0x00, 0x00, 0x00, 0x00, 0x00, 0x00, 0x00,

	0x00, 0x00, 0x00, 0x00, 0x00, 0x00, 0x00, 0x00, 0xf0, 0x3c, 0xf0, 0x3c, 0xfc,
	0x3c, 0xfc, 0x3c, 0xff, 0x3c, 0xff, 0x3c, 0xff, 0xfc, 0xff, 0xfc, 0xf3, 0xfc,
	0xf3, 0xfc, 0xf0, 0xfc, 0xf0, 0xfc, 0xf0, 0x3c, 0xf0, 0x3c, 0xf0, 0x3c, 0xf0,
	0x3c, 0xf0, 0x3c, 0xf0, 0x3c, 0xf0, 0x3c, 0xf0, 0x3c, 0x00, 0x00, 0x00, 0x00,
	0x00, 0x00, 0x00, 0x00, 0x00, 0x00, 0x00, 0x00, 0x00, 0x00, 0x00, 0x00,

	0x00, 0x00, 0x00, 0x00, 0x00, 0x00, 0x00, 0x00, 0x3f, 0xf0, 0x3f, 0xf0, 0xf0,
	0x3c, 0xf0, 0x3c, 0xf0, 0x3c, 0xf0, 0x3c, 0xf0, 0x3c, 0xf0, 0x3c, 0xf0, 0x3c,
	0xf0, 0x3c, 0xf0, 0x3c, 0xf0, 0x3c, 0xf0, 0x3c, 0xf0, 0x3c, 0xf0, 0x3c, 0xf0,
	0x3c, 0xf0, 0x3c, 0xf0, 0x3c, 0x3f, 0xf0, 0x3f, 0xf0, 0x00, 0x00, 0x00, 0x00,
	0x00, 0x00, 0x00, 0x00, 0x00, 0x00, 0x00, 0x00, 0x00, 0x00, 0x00, 0x00,

	0x00, 0x00, 0x00, 0x00, 0x00, 0x00, 0x00, 0x00, 0xff, 0xf0, 0xff, 0xf0, 0x3c,
	0x3c, 0x3c, 0x3c, 0x3c, 0x3c, 0x3c, 0x3c, 0x3c, 0x3c, 0x3c, 0x3c, 0x3f, 0xf0,
	0x3f, 0xf0, 0x3c, 0x00, 0x3c, 0x00, 0x3c, 0x00, 0x3c, 0x00, 0x3c, 0x00, 0x3c,
	0x00, 0x3c, 0x00, 0x3c, 0x00, 0xff, 0x00, 0xff, 0x00, 0x00, 0x00, 0x00, 0x00,
	0x00, 0x00, 0x00, 0x00, 0x00, 0x00, 0x00, 0x00, 0x00, 0x00, 0x00, 0x00,

	0x00, 0x00, 0x00, 0x00, 0x00, 0x00, 0x00, 0x00, 0x3f, 0xf0, 0x3f, 0xf0, 0xf0,
	0x3c, 0xf0, 0x3c, 0xf0, 0x3c, 0xf0, 0x3c, 0xf0, 0x3c, 0xf0, 0x3c, 0xf0, 0x3c,
	0xf0, 0x3c, 0xf0, 0x3c, 0xf0, 0x3c, 0xf0, 0x3c, 0xf0, 0x3c, 0xf3, 0x3c, 0xf3,
	0x3c, 0xf3, 0xfc, 0xf3, 0xfc, 0x3f, 0xf0, 0x3f, 0xf0, 0x00, 0xf0, 0x00, 0xf0,
	0x00, 0xfc, 0x00, 0xfc, 0x00, 0x00, 0x00, 0x00, 0x00, 0x00, 0x00, 0x00,

	0x00, 0x00, 0x00, 0x00, 0x00, 0x00, 0x00, 0x00, 0xff, 0xf0, 0xff, 0xf0, 0x3c,
	0x3c, 0x3c, 0x3c, 0x3c, 0x3c, 0x3c, 0x3c, 0x3c, 0x3c, 0x3c, 0x3c, 0x3f, 0xf0,
	0x3f, 0xf0, 0x3c, 0xf0, 0x3c, 0xf0, 0x3c, 0x3c, 0x3c, 0x3c, 0x3c, 0x3c, 0x3c,
	0x3c, 0x3c, 0x3c, 0x3c, 0x3c, 0xfc, 0x3c, 0xfc, 0x3c, 0x00, 0x00, 0x00, 0x00,
	0x00, 0x00, 0x00, 0x00, 0x00, 0x00, 0x00, 0x00, 0x00, 0x00, 0x00, 0x00,

	0x00, 0x00, 0x00, 0x00, 0x00, 0x00, 0x00, 0x00, 0x3f, 0xf0, 0x3f, 0xf0, 0xf0,
	0x3c, 0xf0, 0x3c, 0xf0, 0x3c, 0xf0, 0x3c, 0x3c, 0x00, 0x3c, 0x00, 0x0f, 0xc0,
	0x0f, 0xc0, 0x00, 0xf0, 0x00, 0xf0, 0x00, 0x3c, 0x00, 0x3c, 0xf0, 0x3c, 0xf0,
	0x3c, 0xf0, 0x3c, 0xf0, 0x3c, 0x3f, 0xf0, 0x3f, 0xf0, 0x00, 0x00, 0x00, 0x00,
	0x00, 0x00, 0x00, 0x00, 0x00, 0x00, 0x00, 0x00, 0x00, 0x00, 0x00, 0x00,

	0x00, 0x00, 0x00, 0x00, 0x00, 0x00, 0x00, 0x00, 0x3f, 0xfc, 0x3f, 0xfc, 0x3f,
	0xfc, 0x3f, 0xfc, 0x33, 0xcc, 0x33, 0xcc, 0x03, 0xc0, 0x03, 0xc0, 0x03, 0xc0,
	0x03, 0xc0, 0x03, 0xc0, 0x03, 0xc0, 0x03, 0xc0, 0x03, 0xc0, 0x03, 0xc0, 0x03,
	0xc0, 0x03, 0xc0, 0x03, 0xc0, 0x0f, 0xf0, 0x0f, 0xf0, 0x00, 0x00, 0x00, 0x00,
	0x00, 0x00, 0x00, 0x00, 0x00, 0x00, 0x00, 0x00, 0x00, 0x00, 0x00, 0x00,

	0x00, 0x00, 0x00, 0x00, 0x00, 0x00, 0x00, 0x00, 0xf0, 0x3c, 0xf0, 0x3c, 0xf0,
	0x3c, 0xf0, 0x3c, 0xf0, 0x3c, 0xf0, 0x3c, 0xf0, 0x3c, 0xf0, 0x3c, 0xf0, 0x3c,
	0xf0, 0x3c, 0xf0, 0x3c, 0xf0, 0x3c, 0xf0, 0x3c, 0xf0, 0x3c, 0xf0, 0x3c, 0xf0,
	0x3c, 0xf0, 0x3c, 0xf0, 0x3c, 0x3f, 0xf0, 0x3f, 0xf0, 0x00, 0x00, 0x00, 0x00,
	0x00, 0x00, 0x00, 0x00, 0x00, 0x00, 0x00, 0x00, 0x00, 0x00, 0x00, 0x00,

	0x00, 0x00, 0x00, 0x00, 0x00, 0x00, 0x00, 0x00, 0xf0, 0x3c, 0xf0, 0x3c, 0xf0,
	0x3c, 0xf0, 0x3c, 0xf0, 0x3c, 0xf0, 0x3c, 0xf0, 0x3c, 0xf0, 0x3c, 0xf0, 0x3c,
	0xf0, 0x3c, 0xf0, 0x3c, 0xf0, 0x3c, 0xf0, 0x3c, 0xf0, 0x3c, 0x3c, 0xf0, 0x3c,
	0xf0, 0x0f, 0xc0, 0x0f, 0xc0, 0x03, 0x00, 0x03, 0x00, 0x00, 0x00, 0x00, 0x00,
	0x00, 0x00, 0x00, 0x00, 0x00, 0x00, 0x00, 0x00, 0x00, 0x00, 0x00, 0x00,

	0x00, 0x00, 0x00, 0x00, 0x00, 0x00, 0x00, 0x00, 0xf0, 0x3c, 0xf0, 0x3c, 0xf0,
	0x3c, 0xf0, 0x3c, 0xf0, 0x3c, 0xf0, 0x3c, 0xf0, 0x3c, 0xf0, 0x3c, 0xf3, 0x3c,
	0xf3, 0x3c, 0xf3, 0x3c, 0xf3, 0x3c, 0xf3, 0x3c, 0xf3, 0x3c, 0xff, 0xfc, 0xff,
	0xfc, 0xfc, 0xfc, 0xfc, 0xfc, 0x3c, 0xf0, 0x3c, 0xf0, 0x00, 0x00, 0x00, 0x00,
	0x00, 0x00, 0x00, 0x00, 0x00, 0x00, 0x00, 0x00, 0x00, 0x00, 0x00, 0x00,

	0x00, 0x00, 0x00, 0x00, 0x00, 0x00, 0x00, 0x00, 0xf0, 0x3c, 0xf0, 0x3c, 0xf0,
	0x3c, 0xf0, 0x3c, 0x3c, 0xf0, 0x3c, 0xf0, 0x3f, 0xf0, 0x3f, 0xf0, 0x0f, 0xc0,
	0x0f, 0xc0, 0x0f, 0xc0, 0x0f, 0xc0, 0x3f, 0xf0, 0x3f, 0xf0, 0x3c, 0xf0, 0x3c,
	0xf0, 0xf0, 0x3c, 0xf0, 0x3c, 0xf0, 0x3c, 0xf0, 0x3c, 0x00, 0x00, 0x00, 0x00,
	0x00, 0x00, 0x00, 0x00, 0x00, 0x00, 0x00, 0x00, 0x00, 0x00, 0x00, 0x00,

	0x00, 0x00, 0x00, 0x00, 0x00, 0x00, 0x00, 0x00, 0x3c, 0x3c, 0x3c, 0x3c, 0x3c,
	0x3c, 0x3c, 0x3c, 0x3c, 0x3c, 0x3c, 0x3c, 0x3c, 0x3c, 0x3c, 0x3c, 0x0f, 0xf0,
	0x0f, 0xf0, 0x03, 0xc0, 0x03, 0xc0, 0x03, 0xc0, 0x03, 0xc0, 0x03, 0xc0, 0x03,
	0xc0, 0x03, 0xc0, 0x03, 0xc0, 0x0f, 0xf0, 0x0f, 0xf0, 0x00, 0x00, 0x00, 0x00,
	0x00, 0x00, 0x00, 0x00, 0x00, 0x00, 0x00, 0x00, 0x00, 0x00, 0x00, 0x00,

	0x00, 0x00, 0x00, 0x00, 0x00, 0x00, 0x00, 0x00, 0xff, 0xfc, 0xff, 0xfc, 0xf0,
	0x3c, 0xf0, 0x3c, 0xc0, 0x3c, 0xc0, 0x3c, 0x00, 0xf0, 0x00, 0xf0, 0x03, 0xc0,
	0x03, 0xc0, 0x0f, 0x00, 0x0f, 0x00, 0x3c, 0x00, 0x3c, 0x00, 0xf0, 0x0c, 0xf0,
	0x0c, 0xf0, 0x3c, 0xf0, 0x3c, 0xff, 0xfc, 0xff, 0xfc, 0x00, 0x00, 0x00, 0x00,
	0x00, 0x00, 0x00, 0x00, 0x00, 0x00, 0x00, 0x00, 0x00, 0x00, 0x00, 0x00,

	0x00, 0x00, 0x00, 0x00, 0x00, 0x00, 0x00, 0x00, 0x0f, 0xf0, 0x0f, 0xf0, 0x0f,
	0x00, 0x0f, 0x00, 0x0f, 0x00, 0x0f, 0x00, 0x0f, 0x00, 0x0f, 0x00, 0x0f, 0x00,
	0x0f, 0x00, 0x0f, 0x00, 0x0f, 0x00, 0x0f, 0x00, 0x0f, 0x00, 0x0f, 0x00, 0x0f,
	0x00, 0x0f, 0x00, 0x0f, 0x00, 0x0f, 0xf0, 0x0f, 0xf0, 0x00, 0x00, 0x00, 0x00,
	0x00, 0x00, 0x00, 0x00, 0x00, 0x00, 0x00, 0x00, 0x00, 0x00, 0x00, 0x00,

	0x00, 0x00, 0x00, 0x00, 0x00, 0x00, 0x00, 0x00, 0x00, 0x00, 0x00, 0x00, 0xc0,
	0x00, 0xc0, 0x00, 0xf0, 0x00, 0xf0, 0x00, 0xfc, 0x00, 0xfc, 0x00, 0x3f, 0x00,
	0x3f, 0x00, 0x0f, 0xc0, 0x0f, 0xc0, 0x03, 0xf0, 0x03, 0xf0, 0x00, 0xfc, 0x00,
	0xfc, 0x00, 0x3c, 0x00, 0x3c, 0x00, 0x0c, 0x00, 0x0c, 0x00, 0x00, 0x00, 0x00,
	0x00, 0x00, 0x00, 0x00, 0x00, 0x00, 0x00, 0x00, 0x00, 0x00, 0x00, 0x00,

	0x00, 0x00, 0x00, 0x00, 0x00, 0x00, 0x00, 0x00, 0x0f, 0xf0, 0x0f, 0xf0, 0x00,
	0xf0, 0x00, 0xf0, 0x00, 0xf0, 0x00, 0xf0, 0x00, 0xf0, 0x00, 0xf0, 0x00, 0xf0,
	0x00, 0xf0, 0x00, 0xf0, 0x00, 0xf0, 0x00, 0xf0, 0x00, 0xf0, 0x00, 0xf0, 0x00,
	0xf0, 0x00, 0xf0, 0x00, 0xf0, 0x0f, 0xf0, 0x0f, 0xf0, 0x00, 0x00, 0x00, 0x00,
	0x00, 0x00, 0x00, 0x00, 0x00, 0x00, 0x00, 0x00, 0x00, 0x00, 0x00, 0x00,

	0x03, 0x00, 0x03, 0x00, 0x0f, 0xc0, 0x0f, 0xc0, 0x3c, 0xf0, 0x3c, 0xf0, 0xf0,
	0x3c, 0xf0, 0x3c, 0x00, 0x00, 0x00, 0x00, 0x00, 0x00, 0x00, 0x00, 0x00, 0x00,
	0x00, 0x00, 0x00, 0x00, 0x00, 0x00, 0x00, 0x00, 0x00, 0x00, 0x00, 0x00, 0x00,
	0x00, 0x00, 0x00, 0x00, 0x00, 0x00, 0x00, 0x00, 0x00, 0x00, 0x00, 0x00, 0x00,
	0x00, 0x00, 0x00, 0x00, 0x00, 0x00, 0x00, 0x00, 0x00, 0x00, 0x00, 0x00,

	0x00, 0x00, 0x00, 0x00, 0x00, 0x00, 0x00, 0x00, 0x00, 0x00, 0x00, 0x00, 0x00,
	0x00, 0x00, 0x00, 0x00, 0x00, 0x00, 0x00, 0x00, 0x00, 0x00, 0x00, 0x00, 0x00,
	0x00, 0x00, 0x00, 0x00, 0x00, 0x00, 0x00, 0x00, 0x00, 0x00, 0x00, 0x00, 0x00,
	0x00, 0x00, 0x00, 0x00, 0x00, 0x00, 0x00, 0x00, 0x00, 0x00, 0x00, 0x00, 0x00,
	0xff, 0xff, 0xff, 0xff, 0x00, 0x00, 0x00, 0x00, 0x00, 0x00, 0x00, 0x00,

	0x00, 0x00, 0x00, 0x00, 0x0f, 0x00, 0x0f, 0x00, 0x03, 0xc0, 0x03, 0xc0, 0x00,
	0xf0, 0x00, 0xf0, 0x00, 0x00, 0x00, 0x00, 0x00, 0x00, 0x00, 0x00, 0x00, 0x00,
	0x00, 0x00, 0x00, 0x00, 0x00, 0x00, 0x00, 0x00, 0x00, 0x00, 0x00, 0x00, 0x00,
	0x00, 0x00, 0x00, 0x00, 0x00, 0x00, 0x00, 0x00, 0x00, 0x00, 0x00, 0x00, 0x00,
	0x00, 0x00, 0x00, 0x00, 0x00, 0x00, 0x00, 0x00, 0x00, 0x00, 0x00, 0x00,

	0x00, 0x00, 0x00, 0x00, 0x00, 0x00, 0x00, 0x00, 0x00, 0x00, 0x00, 0x00, 0x00,
	0x00, 0x00, 0x00, 0x00, 0x00, 0x00, 0x00, 0x3f, 0xc0, 0x3f, 0xc0, 0x00, 0xf0,
	0x00, 0xf0, 0x3f, 0xf0, 0x3f, 0xf0, 0xf0, 0xf0, 0xf0, 0xf0, 0xf0, 0xf0, 0xf0,
	0xf0, 0xf0, 0xf0, 0xf0, 0xf0, 0x3f, 0x3c, 0x3f, 0x3c, 0x00, 0x00, 0x00, 0x00,
	0x00, 0x00, 0x00, 0x00, 0x00, 0x00, 0x00, 0x00, 0x00, 0x00, 0x00, 0x00,

	0x00, 0x00, 0x00, 0x00, 0x00, 0x00, 0x00, 0x00, 0xfc, 0x00, 0xfc, 0x00, 0x3c,
	0x00, 0x3c, 0x00, 0x3c, 0x00, 0x3c, 0x00, 0x3f, 0xc0, 0x3f, 0xc0, 0x3c, 0xf0,
	0x3c, 0xf0, 0x3c, 0x3c, 0x3c, 0x3c, 0x3c, 0x3c, 0x3c, 0x3c, 0x3c, 0x3c, 0x3c,
	0x3c, 0x3c, 0x3c, 0x3c, 0x3c, 0x3f, 0xf0, 0x3f, 0xf0, 0x00, 0x00, 0x00, 0x00,
	0x00, 0x00, 0x00, 0x00, 0x00, 0x00, 0x00, 0x00, 0x00, 0x00, 0x00, 0x00,

	0x00, 0x00, 0x00, 0x00, 0x00, 0x00, 0x00, 0x00, 0x00, 0x00, 0x00, 0x00, 0x00,
	0x00, 0x00, 0x00, 0x00, 0x00, 0x00, 0x00, 0x3f, 0xf0, 0x3f, 0xf0, 0xf0, 0x3c,
	0xf0, 0x3c, 0xf0, 0x00, 0xf0, 0x00, 0xf0, 0x00, 0xf0, 0x00, 0xf0, 0x00, 0xf0,
	0x00, 0xf0, 0x3c, 0xf0, 0x3c, 0x3f, 0xf0, 0x3f, 0xf0, 0x00, 0x00, 0x00, 0x00,
	0x00, 0x00, 0x00, 0x00, 0x00, 0x00, 0x00, 0x00, 0x00, 0x00, 0x00, 0x00,

	0x00, 0x00, 0x00, 0x00, 0x00, 0x00, 0x00, 0x00, 0x03, 0xf0, 0x03, 0xf0, 0x00,
	0xf0, 0x00, 0xf0, 0x00, 0xf0, 0x00, 0xf0, 0x0f, 0xf0, 0x0f, 0xf0, 0x3c, 0xf0,
	0x3c, 0xf0, 0xf0, 0xf0, 0xf0, 0xf0, 0xf0, 0xf0, 0xf0, 0xf0, 0xf0, 0xf0, 0xf0,
	0xf0, 0xf0, 0xf0, 0xf0, 0xf0, 0x3f, 0x3c, 0x3f, 0x3c, 0x00, 0x00, 0x00, 0x00,
	0x00, 0x00, 0x00, 0x00, 0x00, 0x00, 0x00, 0x00, 0x00, 0x00, 0x00, 0x00,

	0x00, 0x00, 0x00, 0x00, 0x00, 0x00, 0x00, 0x00, 0x00, 0x00, 0x00, 0x00, 0x00,
	0x00, 0x00, 0x00, 0x00, 0x00, 0x00, 0x00, 0x3f, 0xf0, 0x3f, 0xf0, 0xf0, 0x3c,
	0xf0, 0x3c, 0xff, 0xfc, 0xff, 0xfc, 0xf0, 0x00, 0xf0, 0x00, 0xf0, 0x00, 0xf0,
	0x00, 0xf0, 0x3c, 0xf0, 0x3c, 0x3f, 0xf0, 0x3f, 0xf0, 0x00, 0x00, 0x00, 0x00,
	0x00, 0x00, 0x00, 0x00, 0x00, 0x00, 0x00, 0x00, 0x00, 0x00, 0x00, 0x00,

	0x00, 0x00, 0x00, 0x00, 0x00, 0x00, 0x00, 0x00, 0x03, 0xf0, 0x03, 0xf0, 0x0f,
	0x3c, 0x0f, 0x3c, 0x0f, 0x0c, 0x0f, 0x0c, 0x0f, 0x00, 0x0f, 0x00, 0x3f, 0xc0,
	0x3f, 0xc0, 0x0f, 0x00, 0x0f, 0x00, 0x0f, 0x00, 0x0f, 0x00, 0x0f, 0x00, 0x0f,
	0x00, 0x0f, 0x00, 0x0f, 0x00, 0x3f, 0xc0, 0x3f, 0xc0, 0x00, 0x00, 0x00, 0x00,
	0x00, 0x00, 0x00, 0x00, 0x00, 0x00, 0x00, 0x00, 0x00, 0x00, 0x00, 0x00,

	0x00, 0x00, 0x00, 0x00, 0x00, 0x00, 0x00, 0x00, 0x00, 0x00, 0x00, 0x00, 0x00,
	0x00, 0x00, 0x00, 0x00, 0x00, 0x00, 0x00, 0x3f, 0x3c, 0x3f, 0x3c, 0xf0, 0xf0,
	0xf0, 0xf0, 0xf0, 0xf0, 0xf0, 0xf0, 0xf0, 0xf0, 0xf0, 0xf0, 0xf0, 0xf0, 0xf0,
	0xf0, 0xf0, 0xf0, 0xf0, 0xf0, 0x3f, 0xf0, 0x3f, 0xf0, 0x00, 0xf0, 0x00, 0xf0,
	0xf0, 0xf0, 0xf0, 0xf0, 0x3f, 0xc0, 0x3f, 0xc0, 0x00, 0x00, 0x00, 0x00,

	0x00, 0x00, 0x00, 0x00, 0x00, 0x00, 0x00, 0x00, 0xfc, 0x00, 0xfc, 0x00, 0x3c,
	0x00, 0x3c, 0x00, 0x3c, 0x00, 0x3c, 0x00, 0x3c, 0xf0, 0x3c, 0xf0, 0x3f, 0x3c,
	0x3f, 0x3c, 0x3c, 0x3c, 0x3c, 0x3c, 0x3c, 0x3c, 0x3c, 0x3c, 0x3c, 0x3c, 0x3c,
	0x3c, 0x3c, 0x3c, 0x3c, 0x3c, 0xfc, 0x3c, 0xfc, 0x3c, 0x00, 0x00, 0x00, 0x00,
	0x00, 0x00, 0x00, 0x00, 0x00, 0x00, 0x00, 0x00, 0x00, 0x00, 0x00, 0x00,

	0x00, 0x00, 0x00, 0x00, 0x00, 0x00, 0x00, 0x00, 0x03, 0xc0, 0x03, 0xc0, 0x03,
	0xc0, 0x03, 0xc0, 0x00, 0x00, 0x00, 0x00, 0x0f, 0xc0, 0x0f, 0xc0, 0x03, 0xc0,
	0x03, 0xc0, 0x03, 0xc0, 0x03, 0xc0, 0x03, 0xc0, 0x03, 0xc0, 0x03, 0xc0, 0x03,
	0xc0, 0x03, 0xc0, 0x03, 0xc0, 0x0f, 0xf0, 0x0f, 0xf0, 0x00, 0x00, 0x00, 0x00,
	0x00, 0x00, 0x00, 0x00, 0x00, 0x00, 0x00, 0x00, 0x00, 0x00, 0x00, 0x00,

	0x00, 0x00, 0x00, 0x00, 0x00, 0x00, 0x00, 0x00, 0x00, 0x3c, 0x00, 0x3c, 0x00,
	0x3c, 0x00, 0x3c, 0x00, 0x00, 0x00, 0x00, 0x00, 0xfc, 0x00, 0xfc, 0x00, 0x3c,
	0x00, 0x3c, 0x00, 0x3c, 0x00, 0x3c, 0x00, 0x3c, 0x00, 0x3c, 0x00, 0x3c, 0x00,
	0x3c, 0x00, 0x3c, 0x00, 0x3c, 0x00, 0x3c, 0x00, 0x3c, 0x3c, 0x3c, 0x3c, 0x3c,
	0x3c, 0x3c, 0x3c, 0x3c, 0x0f, 0xf0, 0x0f, 0xf0, 0x00, 0x00, 0x00, 0x00,

	0x00, 0x00, 0x00, 0x00, 0x00, 0x00, 0x00, 0x00, 0xfc, 0x00, 0xfc, 0x00, 0x3c,
	0x00, 0x3c, 0x00, 0x3c, 0x00, 0x3c, 0x00, 0x3c, 0x3c, 0x3c, 0x3c, 0x3c, 0xf0,
	0x3c, 0xf0, 0x3f, 0xc0, 0x3f, 0xc0, 0x3f, 0xc0, 0x3f, 0xc0, 0x3c, 0xf0, 0x3c,
	0xf0, 0x3c, 0x3c, 0x3c, 0x3c, 0xfc, 0x3c, 0xfc, 0x3c, 0x00, 0x00, 0x00, 0x00,
	0x00, 0x00, 0x00, 0x00, 0x00, 0x00, 0x00, 0x00, 0x00, 0x00, 0x00, 0x00,

	0x00, 0x00, 0x00, 0x00, 0x00, 0x00, 0x00, 0x00, 0x0f, 0xc0, 0x0f, 0xc0, 0x03,
	0xc0, 0x03, 0xc0, 0x03, 0xc0, 0x03, 0xc0, 0x03, 0xc0, 0x03, 0xc0, 0x03, 0xc0,
	0x03, 0xc0, 0x03, 0xc0, 0x03, 0xc0, 0x03, 0xc0, 0x03, 0xc0, 0x03, 0xc0, 0x03,
	0xc0, 0x03, 0xc0, 0x03, 0xc0, 0x0f, 0xf0, 0x0f, 0xf0, 0x00, 0x00, 0x00, 0x00,
	0x00, 0x00, 0x00, 0x00, 0x00, 0x00, 0x00, 0x00, 0x00, 0x00, 0x00, 0x00,

	0x00, 0x00, 0x00, 0x00, 0x00, 0x00, 0x00, 0x00, 0x00, 0x00, 0x00, 0x00, 0x00,
	0x00, 0x00, 0x00, 0x00, 0x00, 0x00, 0x00, 0xfc, 0xf0, 0xfc, 0xf0, 0xff, 0xfc,
	0xff, 0xfc, 0xf3, 0x3c, 0xf3, 0x3c, 0xf3, 0x3c, 0xf3, 0x3c, 0xf3, 0x3c, 0xf3,
	0x3c, 0xf3, 0x3c, 0xf3, 0x3c, 0xf0, 0x3c, 0xf0, 0x3c, 0x00, 0x00, 0x00, 0x00,
	0x00, 0x00, 0x00, 0x00, 0x00, 0x00, 0x00, 0x00, 0x00, 0x00, 0x00, 0x00,

	0x00, 0x00, 0x00, 0x00, 0x00, 0x00, 0x00, 0x00, 0x00, 0x00, 0x00, 0x00, 0x00,
	0x00, 0x00, 0x00, 0x00, 0x00, 0x00, 0x00, 0xf3, 0xf0, 0xf3, 0xf0, 0x3c, 0x3c,
	0x3c, 0x3c, 0x3c, 0x3c, 0x3c, 0x3c, 0x3c, 0x3c, 0x3c, 0x3c, 0x3c, 0x3c, 0x3c,
	0x3c, 0x3c, 0x3c, 0x3c, 0x3c, 0x3c, 0x3c, 0x3c, 0x3c, 0x00, 0x00, 0x00, 0x00,
	0x00, 0x00, 0x00, 0x00, 0x00, 0x00, 0x00, 0x00, 0x00, 0x00, 0x00, 0x00,

	0x00, 0x00, 0x00, 0x00, 0x00, 0x00, 0x00, 0x00, 0x00, 0x00, 0x00, 0x00, 0x00,
	0x00, 0x00, 0x00, 0x00, 0x00, 0x00, 0x00, 0x3f, 0xf0, 0x3f, 0xf0, 0xf0, 0x3c,
	0xf0, 0x3c, 0xf0, 0x3c, 0xf0, 0x3c, 0xf0, 0x3c, 0xf0, 0x3c, 0xf0, 0x3c, 0xf0,
	0x3c, 0xf0, 0x3c, 0xf0, 0x3c, 0x3f, 0xf0, 0x3f, 0xf0, 0x00, 0x00, 0x00, 0x00,
	0x00, 0x00, 0x00, 0x00, 0x00, 0x00, 0x00, 0x00, 0x00, 0x00, 0x00, 0x00,

	0x00, 0x00, 0x00, 0x00, 0x00, 0x00, 0x00, 0x00, 0x00, 0x00, 0x00, 0x00, 0x00,
	0x00, 0x00, 0x00, 0x00, 0x00, 0x00, 0x00, 0xf3, 0xf0, 0xf3, 0xf0, 0x3c, 0x3c,
	0x3c, 0x3c, 0x3c, 0x3c, 0x3c, 0x3c, 0x3c, 0x3c, 0x3c, 0x3c, 0x3c, 0x3c, 0x3c,
	0x3c, 0x3c, 0x3c, 0x3c, 0x3c, 0x3f, 0xf0, 0x3f, 0xf0, 0x3c, 0x00, 0x3c, 0x00,
	0x3c, 0x00, 0x3c, 0x00, 0xff, 0x00, 0xff, 0x00, 0x00, 0x00, 0x00, 0x00,

	0x00, 0x00, 0x00, 0x00, 0x00, 0x00, 0x00, 0x00, 0x00, 0x00, 0x00, 0x00, 0x00,
	0x00, 0x00, 0x00, 0x00, 0x00, 0x00, 0x00, 0x3f, 0x3c, 0x3f, 0x3c, 0xf0, 0xf0,
	0xf0, 0xf0, 0xf0, 0xf0, 0xf0, 0xf0, 0xf0, 0xf0, 0xf0, 0xf0, 0xf0, 0xf0, 0xf0,
	0xf0, 0xf0, 0xf0, 0xf0, 0xf0, 0x3f, 0xf0, 0x3f, 0xf0, 0x00, 0xf0, 0x00, 0xf0,
	0x00, 0xf0, 0x00, 0xf0, 0x03, 0xfc, 0x03, 0xfc, 0x00, 0x00, 0x00, 0x00,

	0x00, 0x00, 0x00, 0x00, 0x00, 0x00, 0x00, 0x00, 0x00, 0x00, 0x00, 0x00, 0x00,
	0x00, 0x00, 0x00, 0x00, 0x00, 0x00, 0x00, 0xf3, 0xf0, 0xf3, 0xf0, 0x3f, 0x3c,
	0x3f, 0x3c, 0x3c, 0x3c, 0x3c, 0x3c, 0x3c, 0x00, 0x3c, 0x00, 0x3c, 0x00, 0x3c,
	0x00, 0x3c, 0x00, 0x3c, 0x00, 0xff, 0x00, 0xff, 0x00, 0x00, 0x00, 0x00, 0x00,
	0x00, 0x00, 0x00, 0x00, 0x00, 0x00, 0x00, 0x00, 0x00, 0x00, 0x00, 0x00,

	0x00, 0x00, 0x00, 0x00, 0x00, 0x00, 0x00, 0x00, 0x00, 0x00, 0x00, 0x00, 0x00,
	0x00, 0x00, 0x00, 0x00, 0x00, 0x00, 0x00, 0x3f, 0xf0, 0x3f, 0xf0, 0xf0, 0x3c,
	0xf0, 0x3c, 0x3c, 0x00, 0x3c, 0x00, 0x0f, 0xc0, 0x0f, 0xc0, 0x00, 0xf0, 0x00,
	0xf0, 0xf0, 0x3c, 0xf0, 0x3c, 0x3f, 0xf0, 0x3f, 0xf0, 0x00, 0x00, 0x00, 0x00,
	0x00, 0x00, 0x00, 0x00, 0x00, 0x00, 0x00, 0x00, 0x00, 0x00, 0x00, 0x00,

	0x00, 0x00, 0x00, 0x00, 0x00, 0x00, 0x00, 0x00, 0x03, 0x00, 0x03, 0x00, 0x0f,
	0x00, 0x0f, 0x00, 0x0f, 0x00, 0x0f, 0x00, 0xff, 0xf0, 0xff, 0xf0, 0x0f, 0x00,
	0x0f, 0x00, 0x0f, 0x00, 0x0f, 0x00, 0x0f, 0x00, 0x0f, 0x00, 0x0f, 0x00, 0x0f,
	0x00, 0x0f, 0x3c, 0x0f, 0x3c, 0x03, 0xf0, 0x03, 0xf0, 0x00, 0x00, 0x00, 0x00,
	0x00, 0x00, 0x00, 0x00, 0x00, 0x00, 0x00, 0x00, 0x00, 0x00, 0x00, 0x00,

	0x00, 0x00, 0x00, 0x00, 0x00, 0x00, 0x00, 0x00, 0x00, 0x00, 0x00, 0x00, 0x00,
	0x00, 0x00, 0x00, 0x00, 0x00, 0x00, 0x00, 0xf0, 0xf0, 0xf0, 0xf0, 0xf0, 0xf0,
	0xf0, 0xf0, 0xf0, 0xf0, 0xf0, 0xf0, 0xf0, 0xf0, 0xf0, 0xf0, 0xf0, 0xf0, 0xf0,
	0xf0, 0xf0, 0xf0, 0xf0, 0xf0, 0x3f, 0x3c, 0x3f, 0x3c, 0x00, 0x00, 0x00, 0x00,
	0x00, 0x00, 0x00, 0x00, 0x00, 0x00, 0x00, 0x00, 0x00, 0x00, 0x00, 0x00,

	0x00, 0x00, 0x00, 0x00, 0x00, 0x00, 0x00, 0x00, 0x00, 0x00, 0x00, 0x00, 0x00,
	0x00, 0x00, 0x00, 0x00, 0x00, 0x00, 0x00, 0xf0, 0x3c, 0xf0, 0x3c, 0xf0, 0x3c,
	0xf0, 0x3c, 0xf0, 0x3c, 0xf0, 0x3c, 0xf0, 0x3c, 0xf0, 0x3c, 0xf0, 0x3c, 0xf0,
	0x3c, 0x3c, 0xf0, 0x3c, 0xf0, 0x0f, 0xc0, 0x0f, 0xc0, 0x00, 0x00, 0x00, 0x00,
	0x00, 0x00, 0x00, 0x00, 0x00, 0x00, 0x00, 0x00, 0x00, 0x00, 0x00, 0x00,

	0x00, 0x00, 0x00, 0x00, 0x00, 0x00, 0x00, 0x00, 0x00, 0x00, 0x00, 0x00, 0x00,
	0x00, 0x00, 0x00, 0x00, 0x00, 0x00, 0x00, 0xf0, 0x3c, 0xf0, 0x3c, 0xf0, 0x3c,
	0xf0, 0x3c, 0xf3, 0x3c, 0xf3, 0x3c, 0xf3, 0x3c, 0xf3, 0x3c, 0xf3, 0x3c, 0xf3,
	0x3c, 0xff, 0xfc, 0xff, 0xfc, 0x3c, 0xf0, 0x3c, 0xf0, 0x00, 0x00, 0x00, 0x00,
	0x00, 0x00, 0x00, 0x00, 0x00, 0x00, 0x00, 0x00, 0x00, 0x00, 0x00, 0x00,

	0x00, 0x00, 0x00, 0x00, 0x00, 0x00, 0x00, 0x00, 0x00, 0x00, 0x00, 0x00, 0x00,
	0x00, 0x00, 0x00, 0x00, 0x00, 0x00, 0x00, 0xf0, 0x3c, 0xf0, 0x3c, 0x3c, 0xf0,
	0x3c, 0xf0, 0x0f, 0xc0, 0x0f, 0xc0, 0x0f, 0xc0, 0x0f, 0xc0, 0x0f, 0xc0, 0x0f,
	0xc0, 0x3c, 0xf0, 0x3c, 0xf0, 0xf0, 0x3c, 0xf0, 0x3c, 0x00, 0x00, 0x00, 0x00,
	0x00, 0x00, 0x00, 0x00, 0x00, 0x00, 0x00, 0x00, 0x00, 0x00, 0x00, 0x00,

	0x00, 0x00, 0x00, 0x00, 0x00, 0x00, 0x00, 0x00, 0x00, 0x00, 0x00, 0x00, 0x00,
	0x00, 0x00, 0x00, 0x00, 0x00, 0x00, 0x00, 0xf0, 0x3c, 0xf0, 0x3c, 0xf0, 0x3c,
	0xf0, 0x3c, 0xf0, 0x3c, 0xf0, 0x3c, 0xf0, 0x3c, 0xf0, 0x3c, 0xf0, 0x3c, 0xf0,
	0x3c, 0xf0, 0x3c, 0xf0, 0x3c, 0x3f, 0xfc, 0x3f, 0xfc, 0x00, 0x3c, 0x00, 0x3c,
	0x00, 0xf0, 0x00, 0xf0, 0xff, 0xc0, 0xff, 0xc0, 0x00, 0x00, 0x00, 0x00,

	0x00, 0x00, 0x00, 0x00, 0x00, 0x00, 0x00, 0x00, 0x00, 0x00, 0x00, 0x00, 0x00,
	0x00, 0x00, 0x00, 0x00, 0x00, 0x00, 0x00, 0xff, 0xfc, 0xff, 0xfc, 0xf0, 0xf0,
	0xf0, 0xf0, 0x03, 0xc0, 0x03, 0xc0, 0x0f, 0x00, 0x0f, 0x00, 0x3c, 0x00, 0x3c,
	0x00, 0xf0, 0x3c, 0xf0, 0x3c, 0xff, 0xfc, 0xff, 0xfc, 0x00, 0x00, 0x00, 0x00,
	0x00, 0x00, 0x00, 0x00, 0x00, 0x00, 0x00, 0x00, 0x00, 0x00, 0x00, 0x00,

	0x00, 0x00, 0x00, 0x00, 0x00, 0x00, 0x00, 0x00, 0x00, 0xfc, 0x00, 0xfc, 0x03,
	0xc0, 0x03, 0xc0, 0x03, 0xc0, 0x03, 0xc0, 0x03, 0xc0, 0x03, 0xc0, 0x3f, 0x00,
	0x3f, 0x00, 0x03, 0xc0, 0x03, 0xc0, 0x03, 0xc0, 0x03, 0xc0, 0x03, 0xc0, 0x03,
	0xc0, 0x03, 0xc0, 0x03, 0xc0, 0x00, 0xfc, 0x00, 0xfc, 0x00, 0x00, 0x00, 0x00,
	0x00, 0x00, 0x00, 0x00, 0x00, 0x00, 0x00, 0x00, 0x00, 0x00, 0x00, 0x00,

	0x00, 0x00, 0x00, 0x00, 0x00, 0x00, 0x00, 0x00, 0x03, 0xc0, 0x03, 0xc0, 0x03,
	0xc0, 0x03, 0xc0, 0x03, 0xc0, 0x03, 0xc0, 0x03, 0xc0, 0x03, 0xc0, 0x03, 0xc0,
	0x03, 0xc0, 0x03, 0xc0, 0x03, 0xc0, 0x03, 0xc0, 0x03, 0xc0, 0x03, 0xc0, 0x03,
	0xc0, 0x03, 0xc0, 0x03, 0xc0, 0x03, 0xc0, 0x03, 0xc0, 0x00, 0x00, 0x00, 0x00,
	0x00, 0x00, 0x00, 0x00, 0x00, 0x00, 0x00, 0x00, 0x00, 0x00, 0x00, 0x00,

	0x00, 0x00, 0x00, 0x00, 0x00, 0x00, 0x00, 0x00, 0x3f, 0x00, 0x3f, 0x00, 0x03,
	0xc0, 0x03, 0xc0, 0x03, 0xc0, 0x03, 0xc0, 0x03, 0xc0, 0x03, 0xc0, 0x00, 0xfc,
	0x00, 0xfc, 0x03, 0xc0, 0x03, 0xc0, 0x03, 0xc0, 0x03, 0xc0, 0x03, 0xc0, 0x03,
	0xc0, 0x03, 0xc0, 0x03, 0xc0, 0x3f, 0x00, 0x3f, 0x00, 0x00, 0x00, 0x00, 0x00,
	0x00, 0x00, 0x00, 0x00, 0x00, 0x00, 0x00, 0x00, 0x00, 0x00, 0x00, 0x00,

	0x00, 0x00, 0x00, 0x00, 0x3f, 0x3c, 0x3f, 0x3c, 0xf3, 0xf0, 0xf3, 0xf0, 0x00,
	0x00, 0x00, 0x00, 0x00, 0x00, 0x00, 0x00, 0x00, 0x00, 0x00, 0x00, 0x00, 0x00,
	0x00, 0x00, 0x00, 0x00, 0x00, 0x00, 0x00, 0x00, 0x00, 0x00, 0x00, 0x00, 0x00,
	0x00, 0x00, 0x00, 0x00, 0x00, 0x00, 0x00, 0x00, 0x00, 0x00, 0x00, 0x00, 0x00,
	0x00, 0x00, 0x00, 0x00, 0x00, 0x00, 0x00, 0x00, 0x00, 0x00, 0x00, 0x00,

	0x00, 0x00, 0x00, 0x00, 0x00, 0x00, 0x00, 0x00, 0x00, 0x00, 0x00, 0x00, 0x00,
	0x00, 0x00, 0x00, 0x03, 0x00, 0x03, 0x00, 0x0f, 0xc0, 0x0f, 0xc0, 0x3c, 0xf0,
	0x3c, 0xf0, 0xf0, 0x3c, 0xf0, 0x3c, 0xf0, 0x3c, 0xf0, 0x3c, 0xf0, 0x3c, 0xf0,
	0x3c, 0xff, 0xfc, 0xff, 0xfc, 0x00, 0x00, 0x00, 0x00, 0x00, 0x00, 0x00, 0x00,
	0x00, 0x00, 0x00, 0x00, 0x00, 0x00, 0x00, 0x00, 0x00, 0x00, 0x00, 0x00,

	0x00, 0x00, 0x00, 0x00, 0x00, 0x7c, 0x1, 0xef, 0x03, 0x03, 0x7, 0x1, 0xe, 0x1,
	0xe, 0x1, 0x0c, 0x00, 0x1c, 0x00, 0x7f, 0xf8, 0x1c, 0x00, 0x1c, 0x00, 0x1c,
	0x00, 0x1c, 0x00, 0x7f, 0xf0, 0x1c, 0x00, 0x0c, 0x00, 0xe, 0x1, 0xe, 0x1, 0x6,
	0x1, 0x7, 0x03, 0x03, 0xc7, 0x00, 0xfe, 0x00, 0x00, 0x00, 0x00, 0x00, 0x00,
	0x00, 0x00, 0x00, 0x00, 0x00, 0x00, 0x00, 0x00, 0x00, 0x00,

	0x00, 0x00, 0x00, 0x00, 0x00, 0x00, 0x00, 0x00, 0xf0, 0xf0, 0xf0, 0xf0, 0x00,
	0x00, 0x00, 0x00, 0x00, 0x00, 0x00, 0x00, 0xf0, 0xf0, 0xf0, 0xf0, 0xf0, 0xf0,
	0xf0, 0xf0, 0xf0, 0xf0, 0xf0, 0xf0, 0xf0, 0xf0, 0xf0, 0xf0, 0xf0, 0xf0, 0xf0,
	0xf0, 0xf0, 0xf0, 0xf0, 0xf0, 0x3f, 0x3c, 0x3f, 0x3c, 0x00, 0x00, 0x00, 0x00,
	0x00, 0x00, 0x00, 0x00, 0x00, 0x00, 0x00, 0x00, 0x00, 0x00, 0x00, 0x00,

	0x00, 0x00, 0x00, 0x00, 0x00, 0x00, 0x00, 0x00, 0x00, 0x00, 0x00, 0x00, 0x00,
	0x00, 0x00, 0x00, 0x00, 0x00, 0x00, 0x00, 0x00, 0x00, 0x00, 0x00, 0x00, 0x00,
	0x00, 0x00, 0x00, 0x00, 0x3f, 0xf0, 0x00, 0x00, 0x00, 0x00, 0x00, 0x00, 0x00,
	0x00, 0x00, 0x00, 0x00, 0x00, 0x00, 0x00, 0x00, 0x00, 0x00, 0x00, 0x00, 0x00,
	0x00, 0x00, 0x00, 0x00, 0x00, 0x00, 0x00, 0x00, 0x00, 0x00, 0x00, 0x00,

	0x00, 0x00, 0x00, 0x00, 0x00, 0x00, 0x00, 0x00, 0x00, 0x00, 0x00, 0x00, 0x00,
	0x00, 0x00, 0x00, 0x00, 0x00, 0x00, 0x00, 0x00, 0x00, 0x00, 0x00, 0x00, 0x00,
	0x00, 0x00, 0x00, 0x00, 0x00, 0x00, 0x00, 0x00, 0x00, 0x00, 0x00, 0x00, 0x00,
	0x00, 0x00, 0x00, 0x00, 0x00, 0x00, 0x00, 0x00, 0x00, 0x00, 0x00, 0x00, 0x00,
	0x00, 0x00, 0x00, 0x00, 0x00, 0x00, 0x00, 0x00, 0x00, 0x00, 0x00, 0x00,

	0x00, 0x00, 0x00, 0x00, 0x00, 0x00, 0x00, 0x00, 0x00, 0x00, 0x00, 0x00, 0x00,
	0x00, 0x00, 0x00, 0x00, 0x00, 0x00, 0x00, 0x00, 0x00, 0x00, 0x00, 0x00, 0x00,
	0x00, 0x00, 0x00, 0x00, 0x00, 0x00, 0x00, 0x00, 0x00, 0x00, 0x00, 0x00, 0x00,
	0x00, 0x00, 0x00, 0x00, 0x00, 0x00, 0x00, 0x00, 0x00, 0x00, 0x00, 0x00, 0x00,
	0x00, 0x00, 0xff, 0xff, 0x00, 0x00, 0x00, 0x00, 0x00, 0x00, 0x00, 0x00,

	0x00, 0x00, 0x00, 0x00, 0x00, 0x00, 0x00, 0x00, 0x00, 0x00, 0x00, 0x00, 0x00,
	0x00, 0x00, 0x00, 0x00, 0x00, 0x00, 0x00, 0x00, 0x00, 0x00, 0x00, 0x00, 0x00,
	0x00, 0x00, 0x00, 0x00, 0x00, 0x00, 0x00, 0x00, 0x00, 0x00, 0x00, 0x00, 0x00,
	0x00, 0x00, 0x00, 0x00, 0x00, 0x00, 0x00, 0x00, 0x00, 0x00, 0x00, 0x00, 0x00,
	0x00, 0x00, 0x00, 0x00, 0x00, 0x00, 0x00, 0x00, 0x00, 0x00, 0x00, 0x00,

	0x00, 0x00, 0x00, 0x00, 0x00, 0x00, 0x00, 0x00, 0x00, 0x00, 0x00, 0x00, 0x00,
	0x00, 0x00, 0x00, 0x00, 0x00, 0x00, 0x00, 0x00, 0x00, 0x00, 0x00, 0x00, 0x00,
	0x00, 0x00, 0x00, 0x00, 0x00, 0x00, 0x00, 0x00, 0x00, 0x00, 0x00, 0x00, 0x00,
	0x00, 0x00, 0x00, 0x00, 0x00, 0x00, 0x00, 0x00, 0x00, 0x00, 0x00, 0x00, 0x00,
	0x00, 0x00, 0x00, 0x00, 0x00, 0x00, 0x00, 0x00, 0x00, 0x00, 0x00, 0x00,

	0x00, 0x00, 0x00, 0x00, 0x00, 0x00, 0x00, 0x00, 0x00, 0x00, 0x00, 0x00, 0x00,
	0x00, 0x00, 0x00, 0x00, 0x00, 0x00, 0x00, 0x00, 0x00, 0x00, 0x00, 0x00, 0x00,
	0x00, 0x00, 0x00, 0x00, 0x00, 0x00, 0x00, 0x00, 0x00, 0x00, 0x00, 0x00, 0x00,
	0x00, 0x00, 0x00, 0x00, 0x00, 0x00, 0x00, 0x00, 0x00, 0x00, 0x00, 0x00, 0x00,
	0x00, 0x00, 0x00, 0x00, 0x00, 0x00, 0x00, 0x00, 0x00, 0x00, 0x00, 0x00,

	0x00, 0x00, 0x00, 0x00, 0x00, 0x00, 0x00, 0x00, 0x00, 0x00, 0x00, 0x00, 0x00,
	0x00, 0x00, 0x00, 0x00, 0x00, 0x00, 0x00, 0x00, 0x00, 0x00, 0x00, 0x00, 0x00,
	0x00, 0x00, 0x00, 0x00, 0x00, 0x00, 0x00, 0x00, 0x00, 0x00, 0x00, 0x00, 0x00,
	0x00, 0x00, 0x00, 0x00, 0x00, 0x00, 0x00, 0x00, 0x00, 0x00, 0x00, 0x00, 0x00,
	0x00, 0x00, 0x00, 0x00, 0x00, 0x00, 0x00, 0x00, 0x00, 0x00, 0x00, 0x00,

	0x00, 0x00, 0x00, 0x00, 0x00, 0x00, 0x00, 0x00, 0x00, 0x00, 0x00, 0x00, 0x00,
	0x00, 0x00, 0x00, 0x00, 0x00, 0x00, 0x00, 0x00, 0x00, 0x00, 0x00, 0x00, 0x00,
	0x00, 0x00, 0x00, 0x00, 0x00, 0x00, 0x00, 0x00, 0x00, 0x00, 0x00, 0x00, 0x00,
	0x00, 0x00, 0x00, 0x00, 0x00, 0x00, 0x00, 0x00, 0x00, 0x00, 0x00, 0x00, 0x00,
	0x00, 0x00, 0x00, 0x00, 0x00, 0x00, 0x00, 0x00, 0x00, 0x00, 0x00, 0x00,

	0x00, 0x00, 0x00, 0x00, 0x00, 0x00, 0x00, 0x00, 0x00, 0x00, 0x00, 0x00, 0x00,
	0x00, 0x00, 0x00, 0x00, 0x00, 0x00, 0x00, 0x00, 0x00, 0x00, 0x00, 0x00, 0x00,
	0x00, 0x00, 0x00, 0x00, 0x00, 0x00, 0x00, 0x00, 0x00, 0x00, 0x00, 0x00, 0x00,
	0x00, 0x00, 0x00, 0x00, 0x00, 0x00, 0x00, 0x00, 0x00, 0x00, 0x00, 0x00, 0x00,
	0x00, 0x00, 0x00, 0x00, 0x00, 0x00, 0x00, 0x00, 0x00, 0x00, 0x00, 0x00,

	0x00, 0x00, 0x00, 0x00, 0x00, 0x00, 0x00, 0x00, 0x00, 0x00, 0x00, 0x00, 0x00,
	0x00, 0x00, 0x00, 0x00, 0x00, 0x00, 0x00, 0x00, 0x00, 0x00, 0x00, 0x00, 0x00,
	0x00, 0x00, 0x00, 0x00, 0x00, 0x00, 0x00, 0x00, 0x00, 0x00, 0x00, 0x00, 0x00,
	0x00, 0x00, 0x00, 0x00, 0x00, 0x00, 0x00, 0x00, 0x00, 0x00, 0x00, 0x00, 0x00,
	0x00, 0x00, 0x00, 0x00, 0x00, 0x00, 0x00, 0x00, 0x00, 0x00, 0x00, 0x00,

	0x00, 0x00, 0x00, 0x00, 0x00, 0x00, 0x00, 0x00, 0x00, 0x00, 0x00, 0x00, 0x00,
	0x00, 0x00, 0x00, 0x00, 0x00, 0x00, 0x00, 0x00, 0x00, 0x00, 0x00, 0x00, 0x00,
	0x00, 0x00, 0x00, 0x00, 0x00, 0x00, 0x00, 0x00, 0x00, 0x00, 0x00, 0x00, 0x00,
	0x00, 0x00, 0x00, 0x00, 0x00, 0x00, 0x00, 0x00, 0x00, 0x00, 0x00, 0x00, 0x00,
	0x00, 0x00, 0x00, 0x00, 0x00, 0x00, 0x00, 0x00, 0x00, 0x00, 0x00, 0x00,

	0x00, 0x00, 0x00, 0x00, 0x3c, 0x00, 0x3c, 0x00, 0x0f, 0x00, 0x0f, 0x00, 0x03,
	0xc0, 0x03, 0xc0, 0x00, 0x00, 0x00, 0x00, 0x0f, 0xc0, 0x0f, 0xc0, 0x03, 0xc0,
	0x03, 0xc0, 0x03, 0xc0, 0x03, 0xc0, 0x03, 0xc0, 0x03, 0xc0, 0x03, 0xc0, 0x03,
	0xc0, 0x03, 0xc0, 0x03, 0xc0, 0x0f, 0xf0, 0x0f, 0xf0, 0x00, 0x00, 0x00, 0x00,
	0x00, 0x00, 0x00, 0x00, 0x00, 0x00, 0x00, 0x00, 0x00, 0x00, 0x00, 0x00,

	0x00, 0x00, 0x00, 0x00, 0xf0, 0x3c, 0xf0, 0x3c, 0x03, 0x00, 0x03, 0x00, 0x0f,
	0xc0, 0x0f, 0xc0, 0x3c, 0xf0, 0x3c, 0xf0, 0xf0, 0x3c, 0xf0, 0x3c, 0xf0, 0x3c,
	0xf0, 0x3c, 0xff, 0xfc, 0xff, 0xfc, 0xf0, 0x3c, 0xf0, 0x3c, 0xf0, 0x3c, 0xf0,
	0x3c, 0xf0, 0x3c, 0xf0, 0x3c, 0xf0, 0x3c, 0xf0, 0x3c, 0x00, 0x00, 0x00, 0x00,
	0x00, 0x00, 0x00, 0x00, 0x00, 0x00, 0x00, 0x00, 0x00, 0x00, 0x00, 0x00,

	0x0f, 0xc0, 0x0f, 0xc0, 0x3c, 0xf0, 0x3c, 0xf0, 0x0f, 0xc0, 0x0f, 0xc0, 0x03,
	0x00, 0x03, 0x00, 0x0f, 0xc0, 0x0f, 0xc0, 0x3c, 0xf0, 0x3c, 0xf0, 0xf0, 0x3c,
	0xf0, 0x3c, 0xff, 0xfc, 0xff, 0xfc, 0xf0, 0x3c, 0xf0, 0x3c, 0xf0, 0x3c, 0xf0,
	0x3c, 0xf0, 0x3c, 0xf0, 0x3c, 0xf0, 0x3c, 0xf0, 0x3c, 0x00, 0x00, 0x00, 0x00,
	0x00, 0x00, 0x00, 0x00, 0x00, 0x00, 0x00, 0x00, 0x00, 0x00, 0x00, 0x00,

	0x00, 0xf0, 0x00, 0xf0, 0x03, 0xc0, 0x03, 0xc0, 0x00, 0x00, 0x00, 0x00, 0xff,
	0xfc, 0xff, 0xfc, 0x3c, 0x3c, 0x3c, 0x3c, 0x3c, 0x0c, 0x3c, 0x0c, 0x3c, 0xc0,
	0x3c, 0xc0, 0x3f, 0xc0, 0x3f, 0xc0, 0x3c, 0xc0, 0x3c, 0xc0, 0x3c, 0x0c, 0x3c,
	0x0c, 0x3c, 0x3c, 0x3c, 0x3c, 0xff, 0xfc, 0xff, 0xfc, 0x00, 0x00, 0x00, 0x00,
	0x00, 0x00, 0x00, 0x00, 0x00, 0x00, 0x00, 0x00, 0x00, 0x00, 0x00, 0x00,

	0x00, 0x00, 0x00, 0x00, 0x00, 0x00, 0x00, 0x00, 0x00, 0x00, 0x00, 0x00, 0x00,
	0x00, 0x00, 0x00, 0x00, 0x00, 0x00, 0x00, 0x00, 0x00, 0x00, 0x00, 0x00, 0x00,
	0x00, 0x00, 0x00, 0x00, 0x00, 0x00, 0x00, 0x00, 0x00, 0x00, 0x00, 0x00, 0x00,
	0x00, 0x00, 0x00, 0x00, 0x00, 0x00, 0x00, 0x00, 0x00, 0x00, 0x00, 0x00, 0x00,
	0x00, 0x00, 0x00, 0x00, 0x00, 0x00, 0x00, 0x00, 0x00, 0x00, 0x00, 0x00,

	0x00, 0x00, 0x00, 0x00, 0x00, 0x00, 0x00, 0x00, 0x00, 0x00, 0x00, 0x00, 0x00,
	0x00, 0x00, 0x00, 0x00, 0x00, 0x00, 0x00, 0x00, 0x00, 0x00, 0x00, 0x00, 0x00,
	0x00, 0x00, 0x00, 0x00, 0x00, 0x00, 0x00, 0x00, 0x00, 0x00, 0x00, 0x00, 0x00,
	0x00, 0x00, 0x00, 0x00, 0x00, 0x00, 0x00, 0x00, 0x00, 0x00, 0x00, 0x00, 0x00,
	0x00, 0x00, 0x00, 0x00, 0x00, 0x00, 0x00, 0x00, 0x00, 0x00, 0x00, 0x00,

	0x00, 0x00, 0x00, 0x00, 0x00, 0x00, 0x00, 0x00, 0x00, 0x00, 0x00, 0x00, 0x00,
	0x00, 0x00, 0x00, 0x00, 0x00, 0x00, 0x00, 0x00, 0x00, 0x00, 0x00, 0x00, 0x00,
	0x00, 0x00, 0x00, 0x00, 0x00, 0x00, 0x00, 0x00, 0x00, 0x00, 0x00, 0x00, 0x00,
	0x00, 0x00, 0x00, 0x00, 0x00, 0x00, 0x00, 0x00, 0x00, 0x00, 0x00, 0x00, 0x00,
	0x00, 0x00, 0x00, 0x00, 0x00, 0x00, 0x00, 0x00, 0x00, 0x00, 0x00, 0x00,

	0x00, 0x00, 0x00, 0x00, 0x00, 0x00, 0x00, 0x00, 0x00, 0x00, 0x00, 0x00, 0x00,
	0x00, 0x00, 0x00, 0x00, 0x00, 0x00, 0x00, 0x00, 0x00, 0x00, 0x00, 0x00, 0x00,
	0x00, 0x00, 0x00, 0x00, 0x00, 0x00, 0x00, 0x00, 0x00, 0x00, 0x00, 0x00, 0x00,
	0x00, 0x00, 0x00, 0x00, 0x00, 0x00, 0x00, 0x00, 0x00, 0x00, 0x00, 0x00, 0x00,
	0x00, 0x00, 0x00, 0x00, 0x00, 0x00, 0x00, 0x00, 0x00, 0x00, 0x00, 0x00,

	0x00, 0x00, 0x00, 0x00, 0x00, 0x00, 0x00, 0x00, 0x00, 0x00, 0x00, 0x00, 0x00,
	0x00, 0x00, 0x00, 0x00, 0x00, 0x00, 0x00, 0x00, 0x00, 0x00, 0x00, 0x00, 0x00,
	0x00, 0x00, 0x00, 0x00, 0x00, 0x00, 0x00, 0x00, 0x00, 0x00, 0x00, 0x00, 0x00,
	0x00, 0x00, 0x00, 0x00, 0x00, 0x00, 0x00, 0x00, 0x00, 0x00, 0x00, 0x00, 0x00,
	0x00, 0x00, 0x00, 0x00, 0x00, 0x00, 0x00, 0x00, 0x00, 0x00, 0x00, 0x00,

	0x00, 0x00, 0x00, 0x00, 0x00, 0x00, 0x00, 0x00, 0x00, 0x00, 0x00, 0x00, 0x00,
	0x00, 0x00, 0x00, 0x00, 0x00, 0x00, 0x00, 0x00, 0x00, 0x00, 0x00, 0x00, 0x00,
	0x00, 0x00, 0x00, 0x00, 0x00, 0x00, 0x00, 0x00, 0x00, 0x00, 0x00, 0x00, 0x00,
	0x00, 0x00, 0x00, 0x00, 0x00, 0x00, 0x00, 0x00, 0x00, 0x00, 0x00, 0x00, 0x00,
	0x00, 0x00, 0x00, 0x00, 0x00, 0x00, 0x00, 0x00, 0x00, 0x00, 0x00, 0x00,

	0x00, 0x00, 0x00, 0x00, 0x00, 0x00, 0x00, 0x00, 0x00, 0x00, 0x00, 0x00, 0x00,
	0x00, 0x00, 0x00, 0x00, 0x00, 0x00, 0x00, 0x00, 0x00, 0x00, 0x00, 0x00, 0x00,
	0x00, 0x00, 0x00, 0x00, 0x00, 0x00, 0x00, 0x00, 0x00, 0x00, 0x00, 0x00, 0x00,
	0x00, 0x00, 0x00, 0x00, 0x00, 0x00, 0x00, 0x00, 0x00, 0x00, 0x00, 0x00, 0x00,
	0x00, 0x00, 0x00, 0x00, 0x00, 0x00, 0x00, 0x00, 0x00, 0x00, 0x00, 0x00,

	0x00, 0x00, 0x00, 0x00, 0x00, 0x00, 0x00, 0x00, 0x00, 0x00, 0x00, 0x00, 0x00,
	0x00, 0x00, 0x00, 0x00, 0x00, 0x00, 0x00, 0x00, 0x00, 0x00, 0x00, 0x00, 0x00,
	0x00, 0x00, 0x00, 0x00, 0x00, 0x00, 0x00, 0x00, 0x00, 0x00, 0x00, 0x00, 0x00,
	0x00, 0x00, 0x00, 0x00, 0x00, 0x00, 0x00, 0x00, 0x00, 0x00, 0x00, 0x00, 0x00,
	0x00, 0x00, 0x00, 0x00, 0x00, 0x00, 0x00, 0x00, 0x00, 0x00, 0x00, 0x00,

	0x00, 0x00, 0x00, 0x00, 0x00, 0x00, 0x00, 0x00, 0x00, 0x00, 0x00, 0x00, 0x00,
	0x00, 0x00, 0x00, 0x00, 0x00, 0x00, 0x00, 0x00, 0x00, 0x00, 0x00, 0x00, 0x00,
	0x00, 0x00, 0x00, 0x00, 0x00, 0x00, 0x00, 0x00, 0x00, 0x00, 0x00, 0x00, 0x00,
	0x00, 0x00, 0x00, 0x00, 0x00, 0x00, 0x00, 0x00, 0x00, 0x00, 0x00, 0x00, 0x00,
	0x00, 0x00, 0x00, 0x00, 0x00, 0x00, 0x00, 0x00, 0x00, 0x00, 0x00, 0x00,

	0x00, 0x00, 0x00, 0x00, 0x00, 0x00, 0x00, 0x00, 0x00, 0x00, 0x00, 0x00, 0x00,
	0x00, 0x00, 0x00, 0x00, 0x00, 0x00, 0x00, 0x00, 0x00, 0x00, 0x00, 0x00, 0x00,
	0x00, 0x00, 0x00, 0x00, 0x00, 0x00, 0x00, 0x00, 0x00, 0x00, 0x00, 0x00, 0x00,
	0x00, 0x00, 0x00, 0x00, 0x00, 0x00, 0x00, 0x00, 0x00, 0x00, 0x00, 0x00, 0x00,
	0x00, 0x00, 0x00, 0x00, 0x00, 0x00, 0x00, 0x00, 0x00, 0x00, 0x00, 0x00,

	0x00, 0x00, 0x00, 0x00, 0x00, 0x00, 0x00, 0x00, 0x00, 0x00, 0x00, 0x00, 0x00,
	0x00, 0x00, 0x00, 0x00, 0x00, 0x00, 0x00, 0x00, 0x00, 0x00, 0x00, 0x00, 0x00,
	0x00, 0x00, 0x00, 0x00, 0x00, 0x00, 0x00, 0x00, 0x00, 0x00, 0x00, 0x00, 0x00,
	0x00, 0x00, 0x00, 0x00, 0x00, 0x00, 0x00, 0x00, 0x00, 0x00, 0x00, 0x00, 0x00,
	0x00, 0x00, 0x00, 0x00, 0x00, 0x00, 0x00, 0x00, 0x00, 0x00, 0x00, 0x00,

	0x00, 0x00, 0x00, 0x00, 0x00, 0x00, 0x00, 0x00, 0x00, 0x00, 0x00, 0x00, 0x00,
	0x00, 0x00, 0x00, 0x00, 0x00, 0x00, 0x00, 0x00, 0x00, 0x00, 0x00, 0x00, 0x00,
	0x00, 0x00, 0x00, 0x00, 0x00, 0x00, 0x00, 0x00, 0x00, 0x00, 0x00, 0x00, 0x00,
	0x00, 0x00, 0x00, 0x00, 0x00, 0x00, 0x00, 0x00, 0x00, 0x00, 0x00, 0x00, 0x00,
	0x00, 0x00, 0x00, 0x00, 0x00, 0x00, 0x00, 0x00, 0x00, 0x00, 0x00, 0x00,

	0x00, 0x00, 0x00, 0x00, 0x00, 0x00, 0x00, 0x00, 0x3c, 0x3c, 0x3c, 0x3c, 0x3c,
	0x3c, 0x3c, 0x3c, 0x0f, 0xf0, 0x0f, 0xf0, 0x03, 0xc0, 0x03, 0xc0, 0x3f, 0xfc,
	0x3f, 0xfc, 0x03, 0xc0, 0x03, 0xc0, 0x3f, 0xfc, 0x3f, 0xfc, 0x03, 0xc0, 0x03,
	0xc0, 0x03, 0xc0, 0x03, 0xc0, 0x03, 0xc0, 0x03, 0xc0, 0x00, 0x00, 0x00, 0x00,
	0x00, 0x00, 0x00, 0x00, 0x00, 0x00, 0x00, 0x00, 0x00, 0x00, 0x00, 0x00,

	0x00, 0x00, 0x00, 0x00, 0xff, 0xc0, 0xff, 0xc0, 0xf0, 0xf0, 0xf0, 0xf0, 0xf0,
	0xf0, 0xf0, 0xf0, 0xff, 0xc0, 0xff, 0xc0, 0xf0, 0x30, 0xf0, 0x30, 0xf0, 0xf0,
	0xf0, 0xf0, 0xf3, 0xfc, 0xf3, 0xfc, 0xf0, 0xf0, 0xf0, 0xf0, 0xf0, 0xf0, 0xf0,
	0xf0, 0xf0, 0xf0, 0xf0, 0xf0, 0xf0, 0x3c, 0xf0, 0x3c, 0x00, 0x00, 0x00, 0x00,
	0x00, 0x00, 0x00, 0x00, 0x00, 0x00, 0x00, 0x00, 0x00, 0x00, 0x00, 0x00,

	0x00, 0x00, 0x00, 0x00, 0x00, 0x00, 0x00, 0x00, 0x00, 0x00, 0x00, 0x00, 0x00,
	0x00, 0x00, 0x00, 0x00, 0x00, 0x00, 0x00, 0x00, 0x00, 0x00, 0x00, 0x00, 0x00,
	0x00, 0x00, 0x00, 0x00, 0x00, 0x00, 0x00, 0x00, 0x00, 0x00, 0x00, 0x00, 0x00,
	0x00, 0x00, 0x00, 0x00, 0x00, 0x00, 0x00, 0x00, 0x00, 0x00, 0x00, 0x00, 0x00,
	0x00, 0x00, 0x00, 0x00, 0x00, 0x00, 0x00, 0x00, 0x00, 0x00, 0x00, 0x00,

	0x00, 0x00, 0x00, 0x00, 0x03, 0xc0, 0x03, 0xc0, 0x0f, 0x00, 0x0f, 0x00, 0x3c,
	0x00, 0x3c, 0x00, 0x00, 0x00, 0x00, 0x00, 0x3f, 0xc0, 0x3f, 0xc0, 0x00, 0xf0,
	0x00, 0xf0, 0x3f, 0xf0, 0x3f, 0xf0, 0xf0, 0xf0, 0xf0, 0xf0, 0xf0, 0xf0, 0xf0,
	0xf0, 0xf0, 0xf0, 0xf0, 0xf0, 0x3f, 0x3c, 0x3f, 0x3c, 0x00, 0x00, 0x00, 0x00,
	0x00, 0x00, 0x00, 0x00, 0x00, 0x00, 0x00, 0x00, 0x00, 0x00, 0x00, 0x00,

	0x00, 0x00, 0x00, 0x00, 0x00, 0xf0, 0x00, 0xf0, 0x03, 0xc0, 0x03, 0xc0, 0x0f,
	0x00, 0x0f, 0x00, 0x00, 0x00, 0x00, 0x00, 0x0f, 0xc0, 0x0f, 0xc0, 0x03, 0xc0,
	0x03, 0xc0, 0x03, 0xc0, 0x03, 0xc0, 0x03, 0xc0, 0x03, 0xc0, 0x03, 0xc0, 0x03,
	0xc0, 0x03, 0xc0, 0x03, 0xc0, 0x0f, 0xf0, 0x0f, 0xf0, 0x00, 0x00, 0x00, 0x00,
	0x00, 0x00, 0x00, 0x00, 0x00, 0x00, 0x00, 0x00, 0x00, 0x00, 0x00, 0x00,

	0x00, 0x00, 0x00, 0x00, 0x03, 0xc0, 0x03, 0xc0, 0x0f, 0x00, 0x0f, 0x00, 0x3c,
	0x00, 0x3c, 0x00, 0x00, 0x00, 0x00, 0x00, 0x3f, 0xf0, 0x3f, 0xf0, 0xf0, 0x3c,
	0xf0, 0x3c, 0xf0, 0x3c, 0xf0, 0x3c, 0xf0, 0x3c, 0xf0, 0x3c, 0xf0, 0x3c, 0xf0,
	0x3c, 0xf0, 0x3c, 0xf0, 0x3c, 0x3f, 0xf0, 0x3f, 0xf0, 0x00, 0x00, 0x00, 0x00,
	0x00, 0x00, 0x00, 0x00, 0x00, 0x00, 0x00, 0x00, 0x00, 0x00, 0x00, 0x00,

	0x00, 0x00, 0x00, 0x00, 0x03, 0xc0, 0x03, 0xc0, 0x0f, 0x00, 0x0f, 0x00, 0x3c,
	0x00, 0x3c, 0x00, 0x00, 0x00, 0x00, 0x00, 0xf0, 0xf0, 0xf0, 0xf0, 0xf0, 0xf0,
	0xf0, 0xf0, 0xf0, 0xf0, 0xf0, 0xf0, 0xf0, 0xf0, 0xf0, 0xf0, 0xf0, 0xf0, 0xf0,
	0xf0, 0xf0, 0xf0, 0xf0, 0xf0, 0x3f, 0x3c, 0x3f, 0x3c, 0x00, 0x00, 0x00, 0x00,
	0x00, 0x00, 0x00, 0x00, 0x00, 0x00, 0x00, 0x00, 0x00, 0x00, 0x00, 0x00,

	0x00, 0x00, 0x00, 0x00, 0x00, 0x00, 0x00, 0x00, 0x3f, 0x3c, 0x3f, 0x3c, 0xf3,
	0xf0, 0xf3, 0xf0, 0x00, 0x00, 0x00, 0x00, 0xf3, 0xf0, 0xf3, 0xf0, 0x3c, 0x3c,
	0x3c, 0x3c, 0x3c, 0x3c, 0x3c, 0x3c, 0x3c, 0x3c, 0x3c, 0x3c, 0x3c, 0x3c, 0x3c,
	0x3c, 0x3c, 0x3c, 0x3c, 0x3c, 0x3c, 0x3c, 0x3c, 0x3c, 0x00, 0x00, 0x00, 0x00,
	0x00, 0x00, 0x00, 0x00, 0x00, 0x00, 0x00, 0x00, 0x00, 0x00, 0x00, 0x00,

	0x3f, 0x3c, 0x3f, 0x3c, 0xf3, 0xf0, 0xf3, 0xf0, 0x00, 0x00, 0x00, 0x00, 0xf0,
	0x3c, 0xf0, 0x3c, 0xfc, 0x3c, 0xfc, 0x3c, 0xff, 0x3c, 0xff, 0x3c, 0xff, 0xfc,
	0xff, 0xfc, 0xf3, 0xfc, 0xf3, 0xfc, 0xf0, 0xfc, 0xf0, 0xfc, 0xf0, 0x3c, 0xf0,
	0x3c, 0xf0, 0x3c, 0xf0, 0x3c, 0xf0, 0x3c, 0xf0, 0x3c, 0x00, 0x00, 0x00, 0x00,
	0x00, 0x00, 0x00, 0x00, 0x00, 0x00, 0x00, 0x00, 0x00, 0x00, 0x00, 0x00,

	0x00, 0x00, 0x00, 0x00, 0x00, 0x00, 0x00, 0x00, 0x0f, 0xf0, 0x0f, 0xf0, 0x3c,
	0xf0, 0x3c, 0xf0, 0x3c, 0xf0, 0x3c, 0xf0, 0x0f, 0xfc, 0x0f, 0xfc, 0x00, 0x00,
	0x00, 0x00, 0x3f, 0xfc, 0x3f, 0xfc, 0x00, 0x00, 0x00, 0x00, 0x00, 0x00, 0x00,
	0x00, 0x00, 0x00, 0x00, 0x00, 0x00, 0x00, 0x00, 0x00, 0x00, 0x00, 0x00, 0x00,
	0x00, 0x00, 0x00, 0x00, 0x00, 0x00, 0x00, 0x00, 0x00, 0x00, 0x00, 0x00,

	0x00, 0x00, 0x00, 0x00, 0x00, 0x00, 0x00, 0x00, 0x0f, 0xc0, 0x0f, 0xc0, 0x3c,
	0xf0, 0x3c, 0xf0, 0x3c, 0xf0, 0x3c, 0xf0, 0x0f, 0xc0, 0x0f, 0xc0, 0x00, 0x00,
	0x00, 0x00, 0x3f, 0xf0, 0x3f, 0xf0, 0x00, 0x00, 0x00, 0x00, 0x00, 0x00, 0x00,
	0x00, 0x00, 0x00, 0x00, 0x00, 0x00, 0x00, 0x00, 0x00, 0x00, 0x00, 0x00, 0x00,
	0x00, 0x00, 0x00, 0x00, 0x00, 0x00, 0x00, 0x00, 0x00, 0x00, 0x00, 0x00,

	0x00, 0x00, 0x00, 0x00, 0x00, 0x00, 0x00, 0x00, 0x0f, 0x00, 0x0f, 0x00, 0x0f,
	0x00, 0x0f, 0x00, 0x00, 0x00, 0x00, 0x00, 0x0f, 0x00, 0x0f, 0x00, 0x0f, 0x00,
	0x0f, 0x00, 0x3c, 0x00, 0x3c, 0x00, 0xf0, 0x00, 0xf0, 0x00, 0xf0, 0x3c, 0xf0,
	0x3c, 0xf0, 0x3c, 0xf0, 0x3c, 0x3f, 0xf0, 0x3f, 0xf0, 0x00, 0x00, 0x00, 0x00,
	0x00, 0x00, 0x00, 0x00, 0x00, 0x00, 0x00, 0x00, 0x00, 0x00, 0x00, 0x00,

	0x00, 0x00, 0x00, 0x00, 0x00, 0x00, 0x00, 0x00, 0x00, 0x00, 0x00, 0x00, 0x00,
	0x00, 0x00, 0x00, 0x00, 0x00, 0x00, 0x00, 0x00, 0x00, 0x00, 0x00, 0xff, 0xfc,
	0xff, 0xfc, 0xf0, 0x00, 0xf0, 0x00, 0xf0, 0x00, 0xf0, 0x00, 0xf0, 0x00, 0xf0,
	0x00, 0xf0, 0x00, 0xf0, 0x00, 0x00, 0x00, 0x00, 0x00, 0x00, 0x00, 0x00, 0x00,
	0x00, 0x00, 0x00, 0x00, 0x00, 0x00, 0x00, 0x00, 0x00, 0x00, 0x00, 0x00,

	0x00, 0x00, 0x00, 0x00, 0x00, 0x00, 0x00, 0x00, 0x00, 0x00, 0x00, 0x00, 0x00,
	0x00, 0x00, 0x00, 0x00, 0x00, 0x00, 0x00, 0x00, 0x00, 0x00, 0x00, 0xff, 0xfc,
	0xff, 0xfc, 0x00, 0x3c, 0x00, 0x3c, 0x00, 0x3c, 0x00, 0x3c, 0x00, 0x3c, 0x00,
	0x3c, 0x00, 0x3c, 0x00, 0x3c, 0x00, 0x00, 0x00, 0x00, 0x00, 0x00, 0x00, 0x00,
	0x00, 0x00, 0x00, 0x00, 0x00, 0x00, 0x00, 0x00, 0x00, 0x00, 0x00, 0x00,

	0x00, 0x00, 0x00, 0x00, 0x3c, 0x00, 0x3c, 0x00, 0xfc, 0x00, 0xfc, 0x00, 0x3c,
	0x0c, 0x3c, 0x0c, 0x3c, 0x3c, 0x3c, 0x3c, 0x3c, 0xf0, 0x3c, 0xf0, 0x03, 0xc0,
	0x03, 0xc0, 0x0f, 0x00, 0x0f, 0x00, 0x3c, 0x00, 0x3c, 0x00, 0xf3, 0xf0, 0xf3,
	0xf0, 0xc0, 0x3c, 0xc0, 0x3c, 0x00, 0xf0, 0x00, 0xf0, 0x03, 0xc0, 0x03, 0xc0,
	0x0f, 0xfc, 0x0f, 0xfc, 0x00, 0x00, 0x00, 0x00, 0x00, 0x00, 0x00, 0x00,

	0x00, 0x00, 0x00, 0x00, 0x3c, 0x00, 0x3c, 0x00, 0xfc, 0x00, 0xfc, 0x00, 0x3c,
	0x0c, 0x3c, 0x0c, 0x3c, 0x3c, 0x3c, 0x3c, 0x3c, 0xf0, 0x3c, 0xf0, 0x03, 0xc0,
	0x03, 0xc0, 0x0f, 0x00, 0x0f, 0x00, 0x3c, 0x3c, 0x3c, 0x3c, 0xf0, 0xfc, 0xf0,
	0xfc, 0xc3, 0xcc, 0xc3, 0xcc, 0x0f, 0xff, 0x0f, 0xff, 0x00, 0x3c, 0x00, 0x3c,
	0x00, 0x3c, 0x00, 0x3c, 0x00, 0x00, 0x00, 0x00, 0x00, 0x00, 0x00, 0x00,

	0x00, 0x00, 0x00, 0x00, 0x00, 0x00, 0x00, 0x00, 0x00, 0x00, 0x00, 0x00, 0x00,
	0x00, 0x00, 0x00, 0x00, 0x00, 0x00, 0x00, 0x00, 0x00, 0x00, 0x00, 0x00, 0x00,
	0x00, 0x00, 0x00, 0x00, 0x00, 0x00, 0x00, 0x00, 0x00, 0x00, 0x00, 0x00, 0x00,
	0x00, 0x00, 0x00, 0x00, 0x00, 0x00, 0x00, 0x00, 0x00, 0x00, 0x00, 0x00, 0x00,
	0x00, 0x00, 0x00, 0x00, 0x00, 0x00, 0x00, 0x00, 0x00, 0x00, 0x00, 0x00,

	0x00, 0x00, 0x00, 0x00, 0x00, 0x00, 0x00, 0x00, 0x00, 0x00, 0x00, 0x00, 0x00,
	0x00, 0x00, 0x00, 0x00, 0x00, 0x00, 0x00, 0x0f, 0x3c, 0x0f, 0x3c, 0x3c, 0xf0,
	0x3c, 0xf0, 0xf3, 0xc0, 0xf3, 0xc0, 0x3c, 0xf0, 0x3c, 0xf0, 0x0f, 0x3c, 0x0f,
	0x3c, 0x00, 0x00, 0x00, 0x00, 0x00, 0x00, 0x00, 0x00, 0x00, 0x00, 0x00, 0x00,
	0x00, 0x00, 0x00, 0x00, 0x00, 0x00, 0x00, 0x00, 0x00, 0x00, 0x00, 0x00,

	0x00, 0x00, 0x00, 0x00, 0x00, 0x00, 0x00, 0x00, 0x00, 0x00, 0x00, 0x00, 0x00,
	0x00, 0x00, 0x00, 0x00, 0x00, 0x00, 0x00, 0xf3, 0xc0, 0xf3, 0xc0, 0x3c, 0xf0,
	0x3c, 0xf0, 0x0f, 0x3c, 0x0f, 0x3c, 0x3c, 0xf0, 0x3c, 0xf0, 0xf3, 0xc0, 0xf3,
	0xc0, 0x00, 0x00, 0x00, 0x00, 0x00, 0x00, 0x00, 0x00, 0x00, 0x00, 0x00, 0x00,
	0x00, 0x00, 0x00, 0x00, 0x00, 0x00, 0x00, 0x00, 0x00, 0x00, 0x00, 0x00,

	0x03, 0x03, 0x03, 0x03, 0x30, 0x30, 0x30, 0x30, 0x03, 0x03, 0x03, 0x03, 0x30,
	0x30, 0x30, 0x30, 0x03, 0x03, 0x03, 0x03, 0x30, 0x30, 0x30, 0x30, 0x03, 0x03,
	0x03, 0x03, 0x30, 0x30, 0x30, 0x30, 0x03, 0x03, 0x03, 0x03, 0x30, 0x30, 0x30,
	0x30, 0x03, 0x03, 0x03, 0x03, 0x30, 0x30, 0x30, 0x30, 0x03, 0x03, 0x03, 0x03,
	0x30, 0x30, 0x30, 0x30, 0x03, 0x03, 0x03, 0x03, 0x30, 0x30, 0x30, 0x30,

	0x33, 0x33, 0x33, 0x33, 0xcc, 0xcc, 0xcc, 0xcc, 0x33, 0x33, 0x33, 0x33, 0xcc,
	0xcc, 0xcc, 0xcc, 0x33, 0x33, 0x33, 0x33, 0xcc, 0xcc, 0xcc, 0xcc, 0x33, 0x33,
	0x33, 0x33, 0xcc, 0xcc, 0xcc, 0xcc, 0x33, 0x33, 0x33, 0x33, 0xcc, 0xcc, 0xcc,
	0xcc, 0x33, 0x33, 0x33, 0x33, 0xcc, 0xcc, 0xcc, 0xcc, 0x33, 0x33, 0x33, 0x33,
	0xcc, 0xcc, 0xcc, 0xcc, 0x33, 0x33, 0x33, 0x33, 0xcc, 0xcc, 0xcc, 0xcc,

	0xf3, 0xf3, 0xf3, 0xf3, 0x3f, 0x3f, 0x3f, 0x3f, 0xf3, 0xf3, 0xf3, 0xf3, 0x3f,
	0x3f, 0x3f, 0x3f, 0xf3, 0xf3, 0xf3, 0xf3, 0x3f, 0x3f, 0x3f, 0x3f, 0xf3, 0xf3,
	0xf3, 0xf3, 0x3f, 0x3f, 0x3f, 0x3f, 0xf3, 0xf3, 0xf3, 0xf3, 0x3f, 0x3f, 0x3f,
	0x3f, 0xf3, 0xf3, 0xf3, 0xf3, 0x3f, 0x3f, 0x3f, 0x3f, 0xf3, 0xf3, 0xf3, 0xf3,
	0x3f, 0x3f, 0x3f, 0x3f, 0xf3, 0xf3, 0xf3, 0xf3, 0x3f, 0x3f, 0x3f, 0x3f,

	0x03, 0xc0, 0x03, 0xc0, 0x03, 0xc0, 0x03, 0xc0, 0x03, 0xc0, 0x03, 0xc0, 0x03,
	0xc0, 0x03, 0xc0, 0x03, 0xc0, 0x03, 0xc0, 0x03, 0xc0, 0x03, 0xc0, 0x03, 0xc0,
	0x03, 0xc0, 0x03, 0xc0, 0x03, 0xc0, 0x03, 0xc0, 0x03, 0xc0, 0x03, 0xc0, 0x03,
	0xc0, 0x03, 0xc0, 0x03, 0xc0, 0x03, 0xc0, 0x03, 0xc0, 0x03, 0xc0, 0x03, 0xc0,
	0x03, 0xc0, 0x03, 0xc0, 0x03, 0xc0, 0x03, 0xc0, 0x03, 0xc0, 0x03, 0xc0,

	0x03, 0xc0, 0x03, 0xc0, 0x03, 0xc0, 0x03, 0xc0, 0x03, 0xc0, 0x03, 0xc0, 0x03,
	0xc0, 0x03, 0xc0, 0x03, 0xc0, 0x03, 0xc0, 0x03, 0xc0, 0x03, 0xc0, 0x03, 0xc0,
	0x03, 0xc0, 0xff, 0xc0, 0xff, 0xc0, 0x03, 0xc0, 0x03, 0xc0, 0x03, 0xc0, 0x03,
	0xc0, 0x03, 0xc0, 0x03, 0xc0, 0x03, 0xc0, 0x03, 0xc0, 0x03, 0xc0, 0x03, 0xc0,
	0x03, 0xc0, 0x03, 0xc0, 0x03, 0xc0, 0x03, 0xc0, 0x03, 0xc0, 0x03, 0xc0,

	0x03, 0xc0, 0x03, 0xc0, 0x03, 0xc0, 0x03, 0xc0, 0x03, 0xc0, 0x03, 0xc0, 0x03,
	0xc0, 0x03, 0xc0, 0x03, 0xc0, 0x03, 0xc0, 0xff, 0xc0, 0xff, 0xc0, 0x03, 0xc0,
	0x03, 0xc0, 0xff, 0xc0, 0xff, 0xc0, 0x03, 0xc0, 0x03, 0xc0, 0x03, 0xc0, 0x03,
	0xc0, 0x03, 0xc0, 0x03, 0xc0, 0x03, 0xc0, 0x03, 0xc0, 0x03, 0xc0, 0x03, 0xc0,
	0x03, 0xc0, 0x03, 0xc0, 0x03, 0xc0, 0x03, 0xc0, 0x03, 0xc0, 0x03, 0xc0,

	0x0f, 0x3c, 0x0f, 0x3c, 0x0f, 0x3c, 0x0f, 0x3c, 0x0f, 0x3c, 0x0f, 0x3c, 0x0f,
	0x3c, 0x0f, 0x3c, 0x0f, 0x3c, 0x0f, 0x3c, 0x0f, 0x3c, 0x0f, 0x3c, 0x0f, 0x3c,
	0x0f, 0x3c, 0xff, 0x3c, 0xff, 0x3c, 0x0f, 0x3c, 0x0f, 0x3c, 0x0f, 0x3c, 0x0f,
	0x3c, 0x0f, 0x3c, 0x0f, 0x3c, 0x0f, 0x3c, 0x0f, 0x3c, 0x0f, 0x3c, 0x0f, 0x3c,
	0x0f, 0x3c, 0x0f, 0x3c, 0x0f, 0x3c, 0x0f, 0x3c, 0x0f, 0x3c, 0x0f, 0x3c,

	0x00, 0x00, 0x00, 0x00, 0x00, 0x00, 0x00, 0x00, 0x00, 0x00, 0x00, 0x00, 0x00,
	0x00, 0x00, 0x00, 0x00, 0x00, 0x00, 0x00, 0x00, 0x00, 0x00, 0x00, 0x00, 0x00,
	0x00, 0x00, 0xff, 0xfc, 0xff, 0xfc, 0x0f, 0x3c, 0x0f, 0x3c, 0x0f, 0x3c, 0x0f,
	0x3c, 0x0f, 0x3c, 0x0f, 0x3c, 0x0f, 0x3c, 0x0f, 0x3c, 0x0f, 0x3c, 0x0f, 0x3c,
	0x0f, 0x3c, 0x0f, 0x3c, 0x0f, 0x3c, 0x0f, 0x3c, 0x0f, 0x3c, 0x0f, 0x3c,

	0x00, 0x00, 0x00, 0x00, 0x00, 0x00, 0x00, 0x00, 0x00, 0x00, 0x00, 0x00, 0x00,
	0x00, 0x00, 0x00, 0x00, 0x00, 0x00, 0x00, 0xff, 0xc0, 0xff, 0xc0, 0x03, 0xc0,
	0x03, 0xc0, 0xff, 0xc0, 0xff, 0xc0, 0x03, 0xc0, 0x03, 0xc0, 0x03, 0xc0, 0x03,
	0xc0, 0x03, 0xc0, 0x03, 0xc0, 0x03, 0xc0, 0x03, 0xc0, 0x03, 0xc0, 0x03, 0xc0,
	0x03, 0xc0, 0x03, 0xc0, 0x03, 0xc0, 0x03, 0xc0, 0x03, 0xc0, 0x03, 0xc0,

	0x0f, 0x3c, 0x0f, 0x3c, 0x0f, 0x3c, 0x0f, 0x3c, 0x0f, 0x3c, 0x0f, 0x3c, 0x0f,
	0x3c, 0x0f, 0x3c, 0x0f, 0x3c, 0x0f, 0x3c, 0xff, 0x3c, 0xff, 0x3c, 0x00, 0x3c,
	0x00, 0x3c, 0xff, 0x3c, 0xff, 0x3c, 0x0f, 0x3c, 0x0f, 0x3c, 0x0f, 0x3c, 0x0f,
	0x3c, 0x0f, 0x3c, 0x0f, 0x3c, 0x0f, 0x3c, 0x0f, 0x3c, 0x0f, 0x3c, 0x0f, 0x3c,
	0x0f, 0x3c, 0x0f, 0x3c, 0x0f, 0x3c, 0x0f, 0x3c, 0x0f, 0x3c, 0x0f, 0x3c,

	0x0f, 0x3c, 0x0f, 0x3c, 0x0f, 0x3c, 0x0f, 0x3c, 0x0f, 0x3c, 0x0f, 0x3c, 0x0f,
	0x3c, 0x0f, 0x3c, 0x0f, 0x3c, 0x0f, 0x3c, 0x0f, 0x3c, 0x0f, 0x3c, 0x0f, 0x3c,
	0x0f, 0x3c, 0x0f, 0x3c, 0x0f, 0x3c, 0x0f, 0x3c, 0x0f, 0x3c, 0x0f, 0x3c, 0x0f,
	0x3c, 0x0f, 0x3c, 0x0f, 0x3c, 0x0f, 0x3c, 0x0f, 0x3c, 0x0f, 0x3c, 0x0f, 0x3c,
	0x0f, 0x3c, 0x0f, 0x3c, 0x0f, 0x3c, 0x0f, 0x3c, 0x0f, 0x3c, 0x0f, 0x3c,

	0x00, 0x00, 0x00, 0x00, 0x00, 0x00, 0x00, 0x00, 0x00, 0x00, 0x00, 0x00, 0x00,
	0x00, 0x00, 0x00, 0x00, 0x00, 0x00, 0x00, 0xff, 0xfc, 0xff, 0xfc, 0x00, 0x3c,
	0x00, 0x3c, 0xff, 0x3c, 0xff, 0x3c, 0x0f, 0x3c, 0x0f, 0x3c, 0x0f, 0x3c, 0x0f,
	0x3c, 0x0f, 0x3c, 0x0f, 0x3c, 0x0f, 0x3c, 0x0f, 0x3c, 0x0f, 0x3c, 0x0f, 0x3c,
	0x0f, 0x3c, 0x0f, 0x3c, 0x0f, 0x3c, 0x0f, 0x3c, 0x0f, 0x3c, 0x0f, 0x3c,

	0x0f, 0x3c, 0x0f, 0x3c, 0x0f, 0x3c, 0x0f, 0x3c, 0x0f, 0x3c, 0x0f, 0x3c, 0x0f,
	0x3c, 0x0f, 0x3c, 0x0f, 0x3c, 0x0f, 0x3c, 0xff, 0x3c, 0xff, 0x3c, 0x00, 0x3c,
	0x00, 0x3c, 0xff, 0xfc, 0xff, 0xfc, 0x00, 0x00, 0x00, 0x00, 0x00, 0x00, 0x00,
	0x00, 0x00, 0x00, 0x00, 0x00, 0x00, 0x00, 0x00, 0x00, 0x00, 0x00, 0x00, 0x00,
	0x00, 0x00, 0x00, 0x00, 0x00, 0x00, 0x00, 0x00, 0x00, 0x00, 0x00, 0x00,

	0x0f, 0x3c, 0x0f, 0x3c, 0x0f, 0x3c, 0x0f, 0x3c, 0x0f, 0x3c, 0x0f, 0x3c, 0x0f,
	0x3c, 0x0f, 0x3c, 0x0f, 0x3c, 0x0f, 0x3c, 0x0f, 0x3c, 0x0f, 0x3c, 0x0f, 0x3c,
	0x0f, 0x3c, 0xff, 0xfc, 0xff, 0xfc, 0x00, 0x00, 0x00, 0x00, 0x00, 0x00, 0x00,
	0x00, 0x00, 0x00, 0x00, 0x00, 0x00, 0x00, 0x00, 0x00, 0x00, 0x00, 0x00, 0x00,
	0x00, 0x00, 0x00, 0x00, 0x00, 0x00, 0x00, 0x00, 0x00, 0x00, 0x00, 0x00,

	0x03, 0xc0, 0x03, 0xc0, 0x03, 0xc0, 0x03, 0xc0, 0x03, 0xc0, 0x03, 0xc0, 0x03,
	0xc0, 0x03, 0xc0, 0x03, 0xc0, 0x03, 0xc0, 0xff, 0xc0, 0xff, 0xc0, 0x03, 0xc0,
	0x03, 0xc0, 0xff, 0xc0, 0xff, 0xc0, 0x00, 0x00, 0x00, 0x00, 0x00, 0x00, 0x00,
	0x00, 0x00, 0x00, 0x00, 0x00, 0x00, 0x00, 0x00, 0x00, 0x00, 0x00, 0x00, 0x00,
	0x00, 0x00, 0x00, 0x00, 0x00, 0x00, 0x00, 0x00, 0x00, 0x00, 0x00, 0x00,

	0x00, 0x00, 0x00, 0x00, 0x00, 0x00, 0x00, 0x00, 0x00, 0x00, 0x00, 0x00, 0x00,
	0x00, 0x00, 0x00, 0x00, 0x00, 0x00, 0x00, 0x00, 0x00, 0x00, 0x00, 0x00, 0x00,
	0x00, 0x00, 0xff, 0xc0, 0xff, 0xc0, 0x03, 0xc0, 0x03, 0xc0, 0x03, 0xc0, 0x03,
	0xc0, 0x03, 0xc0, 0x03, 0xc0, 0x03, 0xc0, 0x03, 0xc0, 0x03, 0xc0, 0x03, 0xc0,
	0x03, 0xc0, 0x03, 0xc0, 0x03, 0xc0, 0x03, 0xc0, 0x03, 0xc0, 0x03, 0xc0,

	0x03, 0xc0, 0x03, 0xc0, 0x03, 0xc0, 0x03, 0xc0, 0x03, 0xc0, 0x03, 0xc0, 0x03,
	0xc0, 0x03, 0xc0, 0x03, 0xc0, 0x03, 0xc0, 0x03, 0xc0, 0x03, 0xc0, 0x03, 0xc0,
	0x03, 0xc0, 0x03, 0xff, 0x03, 0xff, 0x00, 0x00, 0x00, 0x00, 0x00, 0x00, 0x00,
	0x00, 0x00, 0x00, 0x00, 0x00, 0x00, 0x00, 0x00, 0x00, 0x00, 0x00, 0x00, 0x00,
	0x00, 0x00, 0x00, 0x00, 0x00, 0x00, 0x00, 0x00, 0x00, 0x00, 0x00, 0x00,

	0x03, 0xc0, 0x03, 0xc0, 0x03, 0xc0, 0x03, 0xc0, 0x03, 0xc0, 0x03, 0xc0, 0x03,
	0xc0, 0x03, 0xc0, 0x03, 0xc0, 0x03, 0xc0, 0x03, 0xc0, 0x03, 0xc0, 0x03, 0xc0,
	0x03, 0xc0, 0xff, 0xff, 0xff, 0xff, 0x00, 0x00, 0x00, 0x00, 0x00, 0x00, 0x00,
	0x00, 0x00, 0x00, 0x00, 0x00, 0x00, 0x00, 0x00, 0x00, 0x00, 0x00, 0x00, 0x00,
	0x00, 0x00, 0x00, 0x00, 0x00, 0x00, 0x00, 0x00, 0x00, 0x00, 0x00, 0x00,

	0x00, 0x00, 0x00, 0x00, 0x00, 0x00, 0x00, 0x00, 0x00, 0x00, 0x00, 0x00, 0x00,
	0x00, 0x00, 0x00, 0x00, 0x00, 0x00, 0x00, 0x00, 0x00, 0x00, 0x00, 0x00, 0x00,
	0x00, 0x00, 0xff, 0xff, 0xff, 0xff, 0x03, 0xc0, 0x03, 0xc0, 0x03, 0xc0, 0x03,
	0xc0, 0x03, 0xc0, 0x03, 0xc0, 0x03, 0xc0, 0x03, 0xc0, 0x03, 0xc0, 0x03, 0xc0,
	0x03, 0xc0, 0x03, 0xc0, 0x03, 0xc0, 0x03, 0xc0, 0x03, 0xc0, 0x03, 0xc0,

	0x03, 0xc0, 0x03, 0xc0, 0x03, 0xc0, 0x03, 0xc0, 0x03, 0xc0, 0x03, 0xc0, 0x03,
	0xc0, 0x03, 0xc0, 0x03, 0xc0, 0x03, 0xc0, 0x03, 0xc0, 0x03, 0xc0, 0x03, 0xc0,
	0x03, 0xc0, 0x03, 0xff, 0x03, 0xff, 0x03, 0xc0, 0x03, 0xc0, 0x03, 0xc0, 0x03,
	0xc0, 0x03, 0xc0, 0x03, 0xc0, 0x03, 0xc0, 0x03, 0xc0, 0x03, 0xc0, 0x03, 0xc0,
	0x03, 0xc0, 0x03, 0xc0, 0x03, 0xc0, 0x03, 0xc0, 0x03, 0xc0, 0x03, 0xc0,

	0x00, 0x00, 0x00, 0x00, 0x00, 0x00, 0x00, 0x00, 0x00, 0x00, 0x00, 0x00, 0x00,
	0x00, 0x00, 0x00, 0x00, 0x00, 0x00, 0x00, 0x00, 0x00, 0x00, 0x00, 0x00, 0x00,
	0x00, 0x00, 0xff, 0xff, 0xff, 0xff, 0x00, 0x00, 0x00, 0x00, 0x00, 0x00, 0x00,
	0x00, 0x00, 0x00, 0x00, 0x00, 0x00, 0x00, 0x00, 0x00, 0x00, 0x00, 0x00, 0x00,
	0x00, 0x00, 0x00, 0x00, 0x00, 0x00, 0x00, 0x00, 0x00, 0x00, 0x00, 0x00,

	0x03, 0xc0, 0x03, 0xc0, 0x03, 0xc0, 0x03, 0xc0, 0x03, 0xc0, 0x03, 0xc0, 0x03,
	0xc0, 0x03, 0xc0, 0x03, 0xc0, 0x03, 0xc0, 0x03, 0xc0, 0x03, 0xc0, 0x03, 0xc0,
	0x03, 0xc0, 0xff, 0xff, 0xff, 0xff, 0x03, 0xc0, 0x03, 0xc0, 0x03, 0xc0, 0x03,
	0xc0, 0x03, 0xc0, 0x03, 0xc0, 0x03, 0xc0, 0x03, 0xc0, 0x03, 0xc0, 0x03, 0xc0,
	0x03, 0xc0, 0x03, 0xc0, 0x03, 0xc0, 0x03, 0xc0, 0x03, 0xc0, 0x03, 0xc0,

	0x03, 0xc0, 0x03, 0xc0, 0x03, 0xc0, 0x03, 0xc0, 0x03, 0xc0, 0x03, 0xc0, 0x03,
	0xc0, 0x03, 0xc0, 0x03, 0xc0, 0x03, 0xc0, 0x03, 0xff, 0x03, 0xff, 0x03, 0xc0,
	0x03, 0xc0, 0x03, 0xff, 0x03, 0xff, 0x03, 0xc0, 0x03, 0xc0, 0x03, 0xc0, 0x03,
	0xc0, 0x03, 0xc0, 0x03, 0xc0, 0x03, 0xc0, 0x03, 0xc0, 0x03, 0xc0, 0x03, 0xc0,
	0x03, 0xc0, 0x03, 0xc0, 0x03, 0xc0, 0x03, 0xc0, 0x03, 0xc0, 0x03, 0xc0,

	0x0f, 0x3c, 0x0f, 0x3c, 0x0f, 0x3c, 0x0f, 0x3c, 0x0f, 0x3c, 0x0f, 0x3c, 0x0f,
	0x3c, 0x0f, 0x3c, 0x0f, 0x3c, 0x0f, 0x3c, 0x0f, 0x3c, 0x0f, 0x3c, 0x0f, 0x3c,
	0x0f, 0x3c, 0x0f, 0x3f, 0x0f, 0x3f, 0x0f, 0x3c, 0x0f, 0x3c, 0x0f, 0x3c, 0x0f,
	0x3c, 0x0f, 0x3c, 0x0f, 0x3c, 0x0f, 0x3c, 0x0f, 0x3c, 0x0f, 0x3c, 0x0f, 0x3c,
	0x0f, 0x3c, 0x0f, 0x3c, 0x0f, 0x3c, 0x0f, 0x3c, 0x0f, 0x3c, 0x0f, 0x3c,

	0x0f, 0x3c, 0x0f, 0x3c, 0x0f, 0x3c, 0x0f, 0x3c, 0x0f, 0x3c, 0x0f, 0x3c, 0x0f,
	0x3c, 0x0f, 0x3c, 0x0f, 0x3c, 0x0f, 0x3c, 0x0f, 0x3f, 0x0f, 0x3f, 0x0f, 0x00,
	0x0f, 0x00, 0x0f, 0xff, 0x0f, 0xff, 0x00, 0x00, 0x00, 0x00, 0x00, 0x00, 0x00,
	0x00, 0x00, 0x00, 0x00, 0x00, 0x00, 0x00, 0x00, 0x00, 0x00, 0x00, 0x00, 0x00,
	0x00, 0x00, 0x00, 0x00, 0x00, 0x00, 0x00, 0x00, 0x00, 0x00, 0x00, 0x00,

	0x00, 0x00, 0x00, 0x00, 0x00, 0x00, 0x00, 0x00, 0x00, 0x00, 0x00, 0x00, 0x00,
	0x00, 0x00, 0x00, 0x00, 0x00, 0x00, 0x00, 0x0f, 0xff, 0x0f, 0xff, 0x0f, 0x00,
	0x0f, 0x00, 0x0f, 0x3f, 0x0f, 0x3f, 0x0f, 0x3c, 0x0f, 0x3c, 0x0f, 0x3c, 0x0f,
	0x3c, 0x0f, 0x3c, 0x0f, 0x3c, 0x0f, 0x3c, 0x0f, 0x3c, 0x0f, 0x3c, 0x0f, 0x3c,
	0x0f, 0x3c, 0x0f, 0x3c, 0x0f, 0x3c, 0x0f, 0x3c, 0x0f, 0x3c, 0x0f, 0x3c,

	0x0f, 0x3c, 0x0f, 0x3c, 0x0f, 0x3c, 0x0f, 0x3c, 0x0f, 0x3c, 0x0f, 0x3c, 0x0f,
	0x3c, 0x0f, 0x3c, 0x0f, 0x3c, 0x0f, 0x3c, 0xff, 0x3f, 0xff, 0x3f, 0x00, 0x00,
	0x00, 0x00, 0xff, 0xff, 0xff, 0xff, 0x00, 0x00, 0x00, 0x00, 0x00, 0x00, 0x00,
	0x00, 0x00, 0x00, 0x00, 0x00, 0x00, 0x00, 0x00, 0x00, 0x00, 0x00, 0x00, 0x00,
	0x00, 0x00, 0x00, 0x00, 0x00, 0x00, 0x00, 0x00, 0x00, 0x00, 0x00, 0x00,

	0x00, 0x00, 0x00, 0x00, 0x00, 0x00, 0x00, 0x00, 0x00, 0x00, 0x00, 0x00, 0x00,
	0x00, 0x00, 0x00, 0x00, 0x00, 0x00, 0x00, 0xff, 0xff, 0xff, 0xff, 0x00, 0x00,
	0x00, 0x00, 0xff, 0x3f, 0xff, 0x3f, 0x0f, 0x3c, 0x0f, 0x3c, 0x0f, 0x3c, 0x0f,
	0x3c, 0x0f, 0x3c, 0x0f, 0x3c, 0x0f, 0x3c, 0x0f, 0x3c, 0x0f, 0x3c, 0x0f, 0x3c,
	0x0f, 0x3c, 0x0f, 0x3c, 0x0f, 0x3c, 0x0f, 0x3c, 0x0f, 0x3c, 0x0f, 0x3c,

	0x0f, 0x3c, 0x0f, 0x3c, 0x0f, 0x3c, 0x0f, 0x3c, 0x0f, 0x3c, 0x0f, 0x3c, 0x0f,
	0x3c, 0x0f, 0x3c, 0x0f, 0x3c, 0x0f, 0x3c, 0x0f, 0x3f, 0x0f, 0x3f, 0x0f, 0x00,
	0x0f, 0x00, 0x0f, 0x3f, 0x0f, 0x3f, 0x0f, 0x3c, 0x0f, 0x3c, 0x0f, 0x3c, 0x0f,
	0x3c, 0x0f, 0x3c, 0x0f, 0x3c, 0x0f, 0x3c, 0x0f, 0x3c, 0x0f, 0x3c, 0x0f, 0x3c,
	0x0f, 0x3c, 0x0f, 0x3c, 0x0f, 0x3c, 0x0f, 0x3c, 0x0f, 0x3c, 0x0f, 0x3c,

	0x00, 0x00, 0x00, 0x00, 0x00, 0x00, 0x00, 0x00, 0x00, 0x00, 0x00, 0x00, 0x00,
	0x00, 0x00, 0x00, 0x00, 0x00, 0x00, 0x00, 0xff, 0xff, 0xff, 0xff, 0x00, 0x00,
	0x00, 0x00, 0xff, 0xff, 0xff, 0xff, 0x00, 0x00, 0x00, 0x00, 0x00, 0x00, 0x00,
	0x00, 0x00, 0x00, 0x00, 0x00, 0x00, 0x00, 0x00, 0x00, 0x00, 0x00, 0x00, 0x00,
	0x00, 0x00, 0x00, 0x00, 0x00, 0x00, 0x00, 0x00, 0x00, 0x00, 0x00, 0x00,

	0x0f, 0x3c, 0x0f, 0x3c, 0x0f, 0x3c, 0x0f, 0x3c, 0x0f, 0x3c, 0x0f, 0x3c, 0x0f,
	0x3c, 0x0f, 0x3c, 0x0f, 0x3c, 0x0f, 0x3c, 0xff, 0x3f, 0xff, 0x3f, 0x00, 0x00,
	0x00, 0x00, 0xff, 0x3f, 0xff, 0x3f, 0x0f, 0x3c, 0x0f, 0x3c, 0x0f, 0x3c, 0x0f,
	0x3c, 0x0f, 0x3c, 0x0f, 0x3c, 0x0f, 0x3c, 0x0f, 0x3c, 0x0f, 0x3c, 0x0f, 0x3c,
	0x0f, 0x3c, 0x0f, 0x3c, 0x0f, 0x3c, 0x0f, 0x3c, 0x0f, 0x3c, 0x0f, 0x3c,

	0x00, 0x00, 0x00, 0x00, 0x00, 0x00, 0x00, 0x00, 0x03, 0xc0, 0x03, 0xc0, 0x03,
	0xc0, 0x03, 0xc0, 0x03, 0xc0, 0x03, 0xc0, 0xff, 0xff, 0xff, 0xff, 0x00, 0x00,
	0x00, 0x00, 0xff, 0xff, 0xff, 0xff, 0x00, 0x00, 0x00, 0x00, 0x00, 0x00, 0x00,
	0x00, 0x00, 0x00, 0x00, 0x00, 0x00, 0x00, 0x00, 0x00, 0x00, 0x00, 0x00, 0x00,
	0x00, 0x00, 0x00, 0x00, 0x00, 0x00, 0x00, 0x00, 0x00, 0x00, 0x00, 0x00,

	0x0f, 0x3c, 0x0f, 0x3c, 0x0f, 0x3c, 0x0f, 0x3c, 0x0f, 0x3c, 0x0f, 0x3c, 0x0f,
	0x3c, 0x0f, 0x3c, 0x0f, 0x3c, 0x0f, 0x3c, 0x0f, 0x3c, 0x0f, 0x3c, 0x0f, 0x3c,
	0x0f, 0x3c, 0xff, 0xff, 0xff, 0xff, 0x00, 0x00, 0x00, 0x00, 0x00, 0x00, 0x00,
	0x00, 0x00, 0x00, 0x00, 0x00, 0x00, 0x00, 0x00, 0x00, 0x00, 0x00, 0x00, 0x00,
	0x00, 0x00, 0x00, 0x00, 0x00, 0x00, 0x00, 0x00, 0x00, 0x00, 0x00, 0x00,

	0x00, 0x00, 0x00, 0x00, 0x00, 0x00, 0x00, 0x00, 0x00, 0x00, 0x00, 0x00, 0x00,
	0x00, 0x00, 0x00, 0x00, 0x00, 0x00, 0x00, 0xff, 0xff, 0xff, 0xff, 0x00, 0x00,
	0x00, 0x00, 0xff, 0xff, 0xff, 0xff, 0x03, 0xc0, 0x03, 0xc0, 0x03, 0xc0, 0x03,
	0xc0, 0x03, 0xc0, 0x03, 0xc0, 0x03, 0xc0, 0x03, 0xc0, 0x03, 0xc0, 0x03, 0xc0,
	0x03, 0xc0, 0x03, 0xc0, 0x03, 0xc0, 0x03, 0xc0, 0x03, 0xc0, 0x03, 0xc0,

	0x00, 0x00, 0x00, 0x00, 0x00, 0x00, 0x00, 0x00, 0x00, 0x00, 0x00, 0x00, 0x00,
	0x00, 0x00, 0x00, 0x00, 0x00, 0x00, 0x00, 0x00, 0x00, 0x00, 0x00, 0x00, 0x00,
	0x00, 0x00, 0xff, 0xff, 0xff, 0xff, 0x0f, 0x3c, 0x0f, 0x3c, 0x0f, 0x3c, 0x0f,
	0x3c, 0x0f, 0x3c, 0x0f, 0x3c, 0x0f, 0x3c, 0x0f, 0x3c, 0x0f, 0x3c, 0x0f, 0x3c,
	0x0f, 0x3c, 0x0f, 0x3c, 0x0f, 0x3c, 0x0f, 0x3c, 0x0f, 0x3c, 0x0f, 0x3c,

	0x0f, 0x3c, 0x0f, 0x3c, 0x0f, 0x3c, 0x0f, 0x3c, 0x0f, 0x3c, 0x0f, 0x3c, 0x0f,
	0x3c, 0x0f, 0x3c, 0x0f, 0x3c, 0x0f, 0x3c, 0x0f, 0x3c, 0x0f, 0x3c, 0x0f, 0x3c,
	0x0f, 0x3c, 0x0f, 0xff, 0x0f, 0xff, 0x00, 0x00, 0x00, 0x00, 0x00, 0x00, 0x00,
	0x00, 0x00, 0x00, 0x00, 0x00, 0x00, 0x00, 0x00, 0x00, 0x00, 0x00, 0x00, 0x00,
	0x00, 0x00, 0x00, 0x00, 0x00, 0x00, 0x00, 0x00, 0x00, 0x00, 0x00, 0x00,

	0x03, 0xc0, 0x03, 0xc0, 0x03, 0xc0, 0x03, 0xc0, 0x03, 0xc0, 0x03, 0xc0, 0x03,
	0xc0, 0x03, 0xc0, 0x03, 0xc0, 0x03, 0xc0, 0x03, 0xff, 0x03, 0xff, 0x03, 0xc0,
	0x03, 0xc0, 0x03, 0xff, 0x03, 0xff, 0x00, 0x00, 0x00, 0x00, 0x00, 0x00, 0x00,
	0x00, 0x00, 0x00, 0x00, 0x00, 0x00, 0x00, 0x00, 0x00, 0x00, 0x00, 0x00, 0x00,
	0x00, 0x00, 0x00, 0x00, 0x00, 0x00, 0x00, 0x00, 0x00, 0x00, 0x00, 0x00,

	0x00, 0x00, 0x00, 0x00, 0x00, 0x00, 0x00, 0x00, 0x00, 0x00, 0x00, 0x00, 0x00,
	0x00, 0x00, 0x00, 0x00, 0x00, 0x00, 0x00, 0x03, 0xff, 0x03, 0xff, 0x03, 0xc0,
	0x03, 0xc0, 0x03, 0xff, 0x03, 0xff, 0x03, 0xc0, 0x03, 0xc0, 0x03, 0xc0, 0x03,
	0xc0, 0x03, 0xc0, 0x03, 0xc0, 0x03, 0xc0, 0x03, 0xc0, 0x03, 0xc0, 0x03, 0xc0,
	0x03, 0xc0, 0x03, 0xc0, 0x03, 0xc0, 0x03, 0xc0, 0x03, 0xc0, 0x03, 0xc0,

	0x00, 0x00, 0x00, 0x00, 0x00, 0x00, 0x00, 0x00, 0x00, 0x00, 0x00, 0x00, 0x00,
	0x00, 0x00, 0x00, 0x00, 0x00, 0x00, 0x00, 0x00, 0x00, 0x00, 0x00, 0x00, 0x00,
	0x00, 0x00, 0x0f, 0xff, 0x0f, 0xff, 0x0f, 0x3c, 0x0f, 0x3c, 0x0f, 0x3c, 0x0f,
	0x3c, 0x0f, 0x3c, 0x0f, 0x3c, 0x0f, 0x3c, 0x0f, 0x3c, 0x0f, 0x3c, 0x0f, 0x3c,
	0x0f, 0x3c, 0x0f, 0x3c, 0x0f, 0x3c, 0x0f, 0x3c, 0x0f, 0x3c, 0x0f, 0x3c,

	0x0f, 0x3c, 0x0f, 0x3c, 0x0f, 0x3c, 0x0f, 0x3c, 0x0f, 0x3c, 0x0f, 0x3c, 0x0f,
	0x3c, 0x0f, 0x3c, 0x0f, 0x3c, 0x0f, 0x3c, 0x0f, 0x3c, 0x0f, 0x3c, 0x0f, 0x3c,
	0x0f, 0x3c, 0xff, 0xff, 0xff, 0xff, 0x0f, 0x3c, 0x0f, 0x3c, 0x0f, 0x3c, 0x0f,
	0x3c, 0x0f, 0x3c, 0x0f, 0x3c, 0x0f, 0x3c, 0x0f, 0x3c, 0x0f, 0x3c, 0x0f, 0x3c,
	0x0f, 0x3c, 0x0f, 0x3c, 0x0f, 0x3c, 0x0f, 0x3c, 0x0f, 0x3c, 0x0f, 0x3c,

	0x03, 0xc0, 0x03, 0xc0, 0x03, 0xc0, 0x03, 0xc0, 0x03, 0xc0, 0x03, 0xc0, 0x03,
	0xc0, 0x03, 0xc0, 0x03, 0xc0, 0x03, 0xc0, 0xff, 0xff, 0xff, 0xff, 0x03, 0xc0,
	0x03, 0xc0, 0xff, 0xff, 0xff, 0xff, 0x03, 0xc0, 0x03, 0xc0, 0x03, 0xc0, 0x03,
	0xc0, 0x03, 0xc0, 0x03, 0xc0, 0x03, 0xc0, 0x03, 0xc0, 0x03, 0xc0, 0x03, 0xc0,
	0x03, 0xc0, 0x03, 0xc0, 0x03, 0xc0, 0x03, 0xc0, 0x03, 0xc0, 0x03, 0xc0,

	0x03, 0xc0, 0x03, 0xc0, 0x03, 0xc0, 0x03, 0xc0, 0x03, 0xc0, 0x03, 0xc0, 0x03,
	0xc0, 0x03, 0xc0, 0x03, 0xc0, 0x03, 0xc0, 0x03, 0xc0, 0x03, 0xc0, 0x03, 0xc0,
	0x03, 0xc0, 0xff, 0xc0, 0xff, 0xc0, 0x00, 0x00, 0x00, 0x00, 0x00, 0x00, 0x00,
	0x00, 0x00, 0x00, 0x00, 0x00, 0x00, 0x00, 0x00, 0x00, 0x00, 0x00, 0x00, 0x00,
	0x00, 0x00, 0x00, 0x00, 0x00, 0x00, 0x00, 0x00, 0x00, 0x00, 0x00, 0x00,

	0x00, 0x00, 0x00, 0x00, 0x00, 0x00, 0x00, 0x00, 0x00, 0x00, 0x00, 0x00, 0x00,
	0x00, 0x00, 0x00, 0x00, 0x00, 0x00, 0x00, 0x00, 0x00, 0x00, 0x00, 0x00, 0x00,
	0x00, 0x00, 0x03, 0xff, 0x03, 0xff, 0x03, 0xc0, 0x03, 0xc0, 0x03, 0xc0, 0x03,
	0xc0, 0x03, 0xc0, 0x03, 0xc0, 0x03, 0xc0, 0x03, 0xc0, 0x03, 0xc0, 0x03, 0xc0,
	0x03, 0xc0, 0x03, 0xc0, 0x03, 0xc0, 0x03, 0xc0, 0x03, 0xc0, 0x03, 0xc0,

	0xff, 0xff, 0xff, 0xff, 0xff, 0xff, 0xff, 0xff, 0xff, 0xff, 0xff, 0xff, 0xff,
	0xff, 0xff, 0xff, 0xff, 0xff, 0xff, 0xff, 0xff, 0xff, 0xff, 0xff, 0xff, 0xff,
	0xff, 0xff, 0xff, 0xff, 0xff, 0xff, 0xff, 0xff, 0xff, 0xff, 0xff, 0xff, 0xff,
	0xff, 0xff, 0xff, 0xff, 0xff, 0xff, 0xff, 0xff, 0xff, 0xff, 0xff, 0xff, 0xff,
	0xff, 0xff, 0xff, 0xff, 0xff, 0xff, 0xff, 0xff, 0xff, 0xff, 0xff, 0xff,

	0x00, 0x00, 0x00, 0x00, 0x00, 0x00, 0x00, 0x00, 0x00, 0x00, 0x00, 0x00, 0x00,
	0x00, 0x00, 0x00, 0x00, 0x00, 0x00, 0x00, 0x00, 0x00, 0x00, 0x00, 0x00, 0x00,
	0x00, 0x00, 0xff, 0xff, 0xff, 0xff, 0xff, 0xff, 0xff, 0xff, 0xff, 0xff, 0xff,
	0xff, 0xff, 0xff, 0xff, 0xff, 0xff, 0xff, 0xff, 0xff, 0xff, 0xff, 0xff, 0xff,
	0xff, 0xff, 0xff, 0xff, 0xff, 0xff, 0xff, 0xff, 0xff, 0xff, 0xff, 0xff,

	0xff, 0x00, 0xff, 0x00, 0xff, 0x00, 0xff, 0x00, 0xff, 0x00, 0xff, 0x00, 0xff,
	0x00, 0xff, 0x00, 0xff, 0x00, 0xff, 0x00, 0xff, 0x00, 0xff, 0x00, 0xff, 0x00,
	0xff, 0x00, 0xff, 0x00, 0xff, 0x00, 0xff, 0x00, 0xff, 0x00, 0xff, 0x00, 0xff,
	0x00, 0xff, 0x00, 0xff, 0x00, 0xff, 0x00, 0xff, 0x00, 0xff, 0x00, 0xff, 0x00,
	0xff, 0x00, 0xff, 0x00, 0xff, 0x00, 0xff, 0x00, 0xff, 0x00, 0xff, 0x00,

	0x00, 0xff, 0x00, 0xff, 0x00, 0xff, 0x00, 0xff, 0x00, 0xff, 0x00, 0xff, 0x00,
	0xff, 0x00, 0xff, 0x00, 0xff, 0x00, 0xff, 0x00, 0xff, 0x00, 0xff, 0x00, 0xff,
	0x00, 0xff, 0x00, 0xff, 0x00, 0xff, 0x00, 0xff, 0x00, 0xff, 0x00, 0xff, 0x00,
	0xff, 0x00, 0xff, 0x00, 0xff, 0x00, 0xff, 0x00, 0xff, 0x00, 0xff, 0x00, 0xff,
	0x00, 0xff, 0x00, 0xff, 0x00, 0xff, 0x00, 0xff, 0x00, 0xff, 0x00, 0xff,

	0xff, 0xff, 0xff, 0xff, 0xff, 0xff, 0xff, 0xff, 0xff, 0xff, 0xff, 0xff, 0xff,
	0xff, 0xff, 0xff, 0xff, 0xff, 0xff, 0xff, 0xff, 0xff, 0xff, 0xff, 0xff, 0xff,
	0xff, 0xff, 0x00, 0x00, 0x00, 0x00, 0x00, 0x00, 0x00, 0x00, 0x00, 0x00, 0x00,
	0x00, 0x00, 0x00, 0x00, 0x00, 0x00, 0x00, 0x00, 0x00, 0x00, 0x00, 0x00, 0x00,
	0x00, 0x00, 0x00, 0x00, 0x00, 0x00, 0x00, 0x00, 0x00, 0x00, 0x00, 0x00,

	0x00, 0x00, 0x00, 0x00, 0x00, 0x00, 0x00, 0x00, 0x00, 0x00, 0x00, 0x00, 0x00,
	0x00, 0x00, 0x00, 0x00, 0x00, 0x00, 0x00, 0x3f, 0x3c, 0x3f, 0x3c, 0xf3, 0xf0,
	0xf3, 0xf0, 0xf3, 0xc0, 0xf3, 0xc0, 0xf3, 0xc0, 0xf3, 0xc0, 0xf3, 0xc0, 0xf3,
	0xc0, 0xf3, 0xf0, 0xf3, 0xf0, 0x3f, 0x3c, 0x3f, 0x3c, 0x00, 0x00, 0x00, 0x00,
	0x00, 0x00, 0x00, 0x00, 0x00, 0x00, 0x00, 0x00, 0x00, 0x00, 0x00, 0x00,

	0x00, 0x00, 0x00, 0x00, 0x00, 0x00, 0x00, 0x00, 0x3f, 0xc0, 0x3f, 0xc0, 0xf0,
	0xf0, 0xf0, 0xf0, 0xf0, 0xf0, 0xf0, 0xf0, 0xf0, 0xf0, 0xf0, 0xf0, 0xf3, 0xc0,
	0xf3, 0xc0, 0xf0, 0xf0, 0xf0, 0xf0, 0xf0, 0x3c, 0xf0, 0x3c, 0xf0, 0x3c, 0xf0,
	0x3c, 0xf0, 0x3c, 0xf0, 0x3c, 0xf0, 0xf0, 0xf0, 0xf0, 0x00, 0x00, 0x00, 0x00,
	0x00, 0x00, 0x00, 0x00, 0x00, 0x00, 0x00, 0x00, 0x00, 0x00, 0x00, 0x00,

	0x00, 0x00, 0x00, 0x00, 0x00, 0x00, 0x00, 0x00, 0xff, 0xfc, 0xff, 0xfc, 0xf0,
	0x3c, 0xf0, 0x3c, 0xf0, 0x3c, 0xf0, 0x3c, 0xf0, 0x00, 0xf0, 0x00, 0xf0, 0x00,
	0xf0, 0x00, 0xf0, 0x00, 0xf0, 0x00, 0xf0, 0x00, 0xf0, 0x00, 0xf0, 0x00, 0xf0,
	0x00, 0xf0, 0x00, 0xf0, 0x00, 0xf0, 0x00, 0xf0, 0x00, 0x00, 0x00, 0x00, 0x00,
	0x00, 0x00, 0x00, 0x00, 0x00, 0x00, 0x00, 0x00, 0x00, 0x00, 0x00, 0x00,

	0x00, 0x00, 0x00, 0x00, 0x00, 0x00, 0x00, 0x00, 0x00, 0x00, 0x00, 0x00, 0x00,
	0x00, 0x00, 0x00, 0x00, 0x00, 0x00, 0x00, 0xff, 0xfc, 0xff, 0xfc, 0x3c, 0xf0,
	0x3c, 0xf0, 0x3c, 0xf0, 0x3c, 0xf0, 0x3c, 0xf0, 0x3c, 0xf0, 0x3c, 0xf0, 0x3c,
	0xf0, 0x3c, 0xf0, 0x3c, 0xf0, 0x3c, 0xf0, 0x3c, 0xf0, 0x00, 0x00, 0x00, 0x00,
	0x00, 0x00, 0x00, 0x00, 0x00, 0x00, 0x00, 0x00, 0x00, 0x00, 0x00, 0x00,

	0x00, 0x00, 0x00, 0x00, 0x00, 0x00, 0x00, 0x00, 0xff, 0xfc, 0xff, 0xfc, 0xf0,
	0x3c, 0xf0, 0x3c, 0x3c, 0x00, 0x3c, 0x00, 0x0f, 0x00, 0x0f, 0x00, 0x03, 0xc0,
	0x03, 0xc0, 0x03, 0xc0, 0x03, 0xc0, 0x0f, 0x00, 0x0f, 0x00, 0x3c, 0x00, 0x3c,
	0x00, 0xf0, 0x3c, 0xf0, 0x3c, 0xff, 0xfc, 0xff, 0xfc, 0x00, 0x00, 0x00, 0x00,
	0x00, 0x00, 0x00, 0x00, 0x00, 0x00, 0x00, 0x00, 0x00, 0x00, 0x00, 0x00,

	0x00, 0x00, 0x00, 0x00, 0x00, 0x00, 0x00, 0x00, 0x00, 0x00, 0x00, 0x00, 0x00,
	0x00, 0x00, 0x00, 0x00, 0x00, 0x00, 0x00, 0x3f, 0xfc, 0x3f, 0xfc, 0xf3, 0xc0,
	0xf3, 0xc0, 0xf3, 0xc0, 0xf3, 0xc0, 0xf3, 0xc0, 0xf3, 0xc0, 0xf3, 0xc0, 0xf3,
	0xc0, 0xf3, 0xc0, 0xf3, 0xc0, 0x3f, 0x00, 0x3f, 0x00, 0x00, 0x00, 0x00, 0x00,
	0x00, 0x00, 0x00, 0x00, 0x00, 0x00, 0x00, 0x00, 0x00, 0x00, 0x00, 0x00,

	0x00, 0x00, 0x00, 0x00, 0x00, 0x00, 0x00, 0x00, 0x00, 0x00, 0x00, 0x00, 0x00,
	0x00, 0x00, 0x00, 0x00, 0x00, 0x00, 0x00, 0x3c, 0x3c, 0x3c, 0x3c, 0x3c, 0x3c,
	0x3c, 0x3c, 0x3c, 0x3c, 0x3c, 0x3c, 0x3c, 0x3c, 0x3c, 0x3c, 0x3c, 0x3c, 0x3c,
	0x3c, 0x3c, 0x3c, 0x3c, 0x3c, 0x3f, 0xf0, 0x3f, 0xf0, 0x3c, 0x00, 0x3c, 0x00,
	0x3c, 0x00, 0x3c, 0x00, 0xf0, 0x00, 0xf0, 0x00, 0x00, 0x00, 0x00, 0x00,

	0x00, 0x00, 0x00, 0x00, 0x00, 0x00, 0x00, 0x00, 0x00, 0x00, 0x00, 0x00, 0x00,
	0x00, 0x00, 0x00, 0x3f, 0x3c, 0x3f, 0x3c, 0xf3, 0xf0, 0xf3, 0xf0, 0x03, 0xc0,
	0x03, 0xc0, 0x03, 0xc0, 0x03, 0xc0, 0x03, 0xc0, 0x03, 0xc0, 0x03, 0xc0, 0x03,
	0xc0, 0x03, 0xc0, 0x03, 0xc0, 0x03, 0xc0, 0x03, 0xc0, 0x00, 0x00, 0x00, 0x00,
	0x00, 0x00, 0x00, 0x00, 0x00, 0x00, 0x00, 0x00, 0x00, 0x00, 0x00, 0x00,

	0x00, 0x00, 0x00, 0x00, 0x00, 0x00, 0x00, 0x00, 0x3f, 0xfc, 0x3f, 0xfc, 0x03,
	0xc0, 0x03, 0xc0, 0x0f, 0xf0, 0x0f, 0xf0, 0x3c, 0x3c, 0x3c, 0x3c, 0x3c, 0x3c,
	0x3c, 0x3c, 0x3c, 0x3c, 0x3c, 0x3c, 0x3c, 0x3c, 0x3c, 0x3c, 0x0f, 0xf0, 0x0f,
	0xf0, 0x03, 0xc0, 0x03, 0xc0, 0x3f, 0xfc, 0x3f, 0xfc, 0x00, 0x00, 0x00, 0x00,
	0x00, 0x00, 0x00, 0x00, 0x00, 0x00, 0x00, 0x00, 0x00, 0x00, 0x00, 0x00,

	0x00, 0x00, 0x00, 0x00, 0x00, 0x00, 0x00, 0x00, 0x0f, 0xc0, 0x0f, 0xc0, 0x3c,
	0xf0, 0x3c, 0xf0, 0xf0, 0x3c, 0xf0, 0x3c, 0xf0, 0x3c, 0xf0, 0x3c, 0xff, 0xfc,
	0xff, 0xfc, 0xf0, 0x3c, 0xf0, 0x3c, 0xf0, 0x3c, 0xf0, 0x3c, 0xf0, 0x3c, 0xf0,
	0x3c, 0x3c, 0xf0, 0x3c, 0xf0, 0x0f, 0xc0, 0x0f, 0xc0, 0x00, 0x00, 0x00, 0x00,
	0x00, 0x00, 0x00, 0x00, 0x00, 0x00, 0x00, 0x00, 0x00, 0x00, 0x00, 0x00,

	0x00, 0x00, 0x00, 0x00, 0x00, 0x00, 0x00, 0x00, 0x0f, 0xc0, 0x0f, 0xc0, 0x3c,
	0xf0, 0x3c, 0xf0, 0xf0, 0x3c, 0xf0, 0x3c, 0xf0, 0x3c, 0xf0, 0x3c, 0xf0, 0x3c,
	0xf0, 0x3c, 0x3c, 0xf0, 0x3c, 0xf0, 0x3c, 0xf0, 0x3c, 0xf0, 0x3c, 0xf0, 0x3c,
	0xf0, 0x3c, 0xf0, 0x3c, 0xf0, 0xfc, 0xfc, 0xfc, 0xfc, 0x00, 0x00, 0x00, 0x00,
	0x00, 0x00, 0x00, 0x00, 0x00, 0x00, 0x00, 0x00, 0x00, 0x00, 0x00, 0x00,

	0x00, 0x00, 0x00, 0x00, 0x00, 0x00, 0x00, 0x00, 0x03, 0xfc, 0x03, 0xfc, 0x0f,
	0x00, 0x0f, 0x00, 0x03, 0xc0, 0x03, 0xc0, 0x00, 0xf0, 0x00, 0xf0, 0x0f, 0xfc,
	0x0f, 0xfc, 0x3c, 0x3c, 0x3c, 0x3c, 0x3c, 0x3c, 0x3c, 0x3c, 0x3c, 0x3c, 0x3c,
	0x3c, 0x3c, 0x3c, 0x3c, 0x3c, 0x0f, 0xf0, 0x0f, 0xf0, 0x00, 0x00, 0x00, 0x00,
	0x00, 0x00, 0x00, 0x00, 0x00, 0x00, 0x00, 0x00, 0x00, 0x00, 0x00, 0x00,

	0x00, 0x00, 0x00, 0x00, 0x00, 0x00, 0x00, 0x00, 0x00, 0x00, 0x00, 0x00, 0x00,
	0x00, 0x00, 0x00, 0x00, 0x00, 0x00, 0x00, 0x3f, 0xfc, 0x3f, 0xfc, 0xf3, 0xcf,
	0xf3, 0xcf, 0xf3, 0xcf, 0xf3, 0xcf, 0xf3, 0xcf, 0xf3, 0xcf, 0x3f, 0xfc, 0x3f,
	0xfc, 0x00, 0x00, 0x00, 0x00, 0x00, 0x00, 0x00, 0x00, 0x00, 0x00, 0x00, 0x00,
	0x00, 0x00, 0x00, 0x00, 0x00, 0x00, 0x00, 0x00, 0x00, 0x00, 0x00, 0x00,

	0x00, 0x00, 0x00, 0x00, 0x00, 0x00, 0x00, 0x00, 0x00, 0x00, 0x00, 0x00, 0x00,
	0x0f, 0x00, 0x0f, 0x00, 0x3c, 0x00, 0x3c, 0x3f, 0xfc, 0x3f, 0xfc, 0xf3, 0xcf,
	0xf3, 0xcf, 0xf3, 0xcf, 0xf3, 0xcf, 0xff, 0x0f, 0xff, 0x0f, 0x3f, 0xfc, 0x3f,
	0xfc, 0x3c, 0x00, 0x3c, 0x00, 0xf0, 0x00, 0xf0, 0x00, 0x00, 0x00, 0x00, 0x00,
	0x00, 0x00, 0x00, 0x00, 0x00, 0x00, 0x00, 0x00, 0x00, 0x00, 0x00, 0x00,

	0x00, 0x00, 0x00, 0x00, 0x00, 0x00, 0x00, 0x00, 0x03, 0xf0, 0x03, 0xf0, 0x0f,
	0x00, 0x0f, 0x00, 0x3c, 0x00, 0x3c, 0x00, 0x3c, 0x00, 0x3c, 0x00, 0x3f, 0xf0,
	0x3f, 0xf0, 0x3c, 0x00, 0x3c, 0x00, 0x3c, 0x00, 0x3c, 0x00, 0x3c, 0x00, 0x3c,
	0x00, 0x0f, 0x00, 0x0f, 0x00, 0x03, 0xf0, 0x03, 0xf0, 0x00, 0x00, 0x00, 0x00,
	0x00, 0x00, 0x00, 0x00, 0x00, 0x00, 0x00, 0x00, 0x00, 0x00, 0x00, 0x00,

	0x00, 0x00, 0x00, 0x00, 0x00, 0x00, 0x00, 0x00, 0x00, 0x00, 0x00, 0x00, 0x3f,
	0xf0, 0x3f, 0xf0, 0xf0, 0x3c, 0xf0, 0x3c, 0xf0, 0x3c, 0xf0, 0x3c, 0xf0, 0x3c,
	0xf0, 0x3c, 0xf0, 0x3c, 0xf0, 0x3c, 0xf0, 0x3c, 0xf0, 0x3c, 0xf0, 0x3c, 0xf0,
	0x3c, 0xf0, 0x3c, 0xf0, 0x3c, 0xf0, 0x3c, 0xf0, 0x3c, 0x00, 0x00, 0x00, 0x00,
	0x00, 0x00, 0x00, 0x00, 0x00, 0x00, 0x00, 0x00, 0x00, 0x00, 0x00, 0x00,

	0x00, 0x00, 0x00, 0x00, 0x00, 0x00, 0x00, 0x00, 0x00, 0x00, 0x00, 0x00, 0x00,
	0x00, 0x00, 0x00, 0xff, 0xfc, 0xff, 0xfc, 0x00, 0x00, 0x00, 0x00, 0x00, 0x00,
	0x00, 0x00, 0xff, 0xfc, 0xff, 0xfc, 0x00, 0x00, 0x00, 0x00, 0x00, 0x00, 0x00,
	0x00, 0xff, 0xfc, 0xff, 0xfc, 0x00, 0x00, 0x00, 0x00, 0x00, 0x00, 0x00, 0x00,
	0x00, 0x00, 0x00, 0x00, 0x00, 0x00, 0x00, 0x00, 0x00, 0x00, 0x00, 0x00,

	0x00, 0x00, 0x00, 0x00, 0x00, 0x00, 0x00, 0x00, 0x00, 0x00, 0x00, 0x00, 0x00,
	0x00, 0x00, 0x00, 0x03, 0xc0, 0x03, 0xc0, 0x03, 0xc0, 0x03, 0xc0, 0x3f, 0xfc,
	0x3f, 0xfc, 0x03, 0xc0, 0x03, 0xc0, 0x03, 0xc0, 0x03, 0xc0, 0x00, 0x00, 0x00,
	0x00, 0x00, 0x00, 0x00, 0x00, 0x3f, 0xfc, 0x3f, 0xfc, 0x00, 0x00, 0x00, 0x00,
	0x00, 0x00, 0x00, 0x00, 0x00, 0x00, 0x00, 0x00, 0x00, 0x00, 0x00, 0x00,

	0x00, 0x00, 0x00, 0x00, 0x00, 0x00, 0x00, 0x00, 0x00, 0x00, 0x00, 0x00, 0x0f,
	0x00, 0x0f, 0x00, 0x03, 0xc0, 0x03, 0xc0, 0x00, 0xf0, 0x00, 0xf0, 0x00, 0x3c,
	0x00, 0x3c, 0x00, 0xf0, 0x00, 0xf0, 0x03, 0xc0, 0x03, 0xc0, 0x0f, 0x00, 0x0f,
	0x00, 0x00, 0x00, 0x00, 0x00, 0x3f, 0xfc, 0x3f, 0xfc, 0x00, 0x00, 0x00, 0x00,
	0x00, 0x00, 0x00, 0x00, 0x00, 0x00, 0x00, 0x00, 0x00, 0x00, 0x00, 0x00,

	0x00, 0x00, 0x00, 0x00, 0x00, 0x00, 0x00, 0x00, 0x00, 0x00, 0x00, 0x00, 0x00,
	0xf0, 0x00, 0xf0, 0x03, 0xc0, 0x03, 0xc0, 0x0f, 0x00, 0x0f, 0x00, 0x3c, 0x00,
	0x3c, 0x00, 0x0f, 0x00, 0x0f, 0x00, 0x03, 0xc0, 0x03, 0xc0, 0x00, 0xf0, 0x00,
	0xf0, 0x00, 0x00, 0x00, 0x00, 0x3f, 0xfc, 0x3f, 0xfc, 0x00, 0x00, 0x00, 0x00,
	0x00, 0x00, 0x00, 0x00, 0x00, 0x00, 0x00, 0x00, 0x00, 0x00, 0x00, 0x00,

	0x00, 0x00, 0x00, 0x00, 0x00, 0x00, 0x00, 0x00, 0x00, 0xfc, 0x00, 0xfc, 0x03,
	0xcf, 0x03, 0xcf, 0x03, 0xcf, 0x03, 0xcf, 0x03, 0xc0, 0x03, 0xc0, 0x03, 0xc0,
	0x03, 0xc0, 0x03, 0xc0, 0x03, 0xc0, 0x03, 0xc0, 0x03, 0xc0, 0x03, 0xc0, 0x03,
	0xc0, 0x03, 0xc0, 0x03, 0xc0, 0x03, 0xc0, 0x03, 0xc0, 0x03, 0xc0, 0x03, 0xc0,
	0x03, 0xc0, 0x03, 0xc0, 0x03, 0xc0, 0x03, 0xc0, 0x03, 0xc0, 0x03, 0xc0,

	0x03, 0xc0, 0x03, 0xc0, 0x03, 0xc0, 0x03, 0xc0, 0x03, 0xc0, 0x03, 0xc0, 0x03,
	0xc0, 0x03, 0xc0, 0x03, 0xc0, 0x03, 0xc0, 0x03, 0xc0, 0x03, 0xc0, 0x03, 0xc0,
	0x03, 0xc0, 0x03, 0xc0, 0x03, 0xc0, 0x03, 0xc0, 0x03, 0xc0, 0x03, 0xc0, 0x03,
	0xc0, 0xf3, 0xc0, 0xf3, 0xc0, 0xf3, 0xc0, 0xf3, 0xc0, 0x3f, 0x00, 0x3f, 0x00,
	0x00, 0x00, 0x00, 0x00, 0x00, 0x00, 0x00, 0x00, 0x00, 0x00, 0x00, 0x00,

	0x00, 0x00, 0x00, 0x00, 0x00, 0x00, 0x00, 0x00, 0x00, 0x00, 0x00, 0x00, 0x00,
	0x00, 0x00, 0x00, 0x00, 0x00, 0x00, 0x00, 0x03, 0xc0, 0x03, 0xc0, 0x00, 0x00,
	0x00, 0x00, 0x3f, 0xfc, 0x3f, 0xfc, 0x00, 0x00, 0x00, 0x00, 0x03, 0xc0, 0x03,
	0xc0, 0x00, 0x00, 0x00, 0x00, 0x00, 0x00, 0x00, 0x00, 0x00, 0x00, 0x00, 0x00,
	0x00, 0x00, 0x00, 0x00, 0x00, 0x00, 0x00, 0x00, 0x00, 0x00, 0x00, 0x00,

	0x00, 0x00, 0x00, 0x00, 0x00, 0x00, 0x00, 0x00, 0x00, 0x00, 0x00, 0x00, 0x00,
	0x00, 0x00, 0x00, 0x00, 0x00, 0x00, 0x00, 0x3f, 0x3c, 0x3f, 0x3c, 0xf3, 0xf0,
	0xf3, 0xf0, 0x00, 0x00, 0x00, 0x00, 0x3f, 0x3c, 0x3f, 0x3c, 0xf3, 0xf0, 0xf3,
	0xf0, 0x00, 0x00, 0x00, 0x00, 0x00, 0x00, 0x00, 0x00, 0x00, 0x00, 0x00, 0x00,
	0x00, 0x00, 0x00, 0x00, 0x00, 0x00, 0x00, 0x00, 0x00, 0x00, 0x00, 0x00,

	0x00, 0x00, 0x00, 0x00, 0x0f, 0xc0, 0x0f, 0xc0, 0x3c, 0xf0, 0x3c, 0xf0, 0x3c,
	0xf0, 0x3c, 0xf0, 0x0f, 0xc0, 0x0f, 0xc0, 0x00, 0x00, 0x00, 0x00, 0x00, 0x00,
	0x00, 0x00, 0x00, 0x00, 0x00, 0x00, 0x00, 0x00, 0x00, 0x00, 0x00, 0x00, 0x00,
	0x00, 0x00, 0x00, 0x00, 0x00, 0x00, 0x00, 0x00, 0x00, 0x00, 0x00, 0x00, 0x00,
	0x00, 0x00, 0x00, 0x00, 0x00, 0x00, 0x00, 0x00, 0x00, 0x00, 0x00, 0x00,

	0x00, 0x00, 0x00, 0x00, 0x00, 0x00, 0x00, 0x00, 0x00, 0x00, 0x00, 0x00, 0x00,
	0x00, 0x00, 0x00, 0x00, 0x00, 0x00, 0x00, 0x00, 0x00, 0x00, 0x00, 0x00, 0x00,
	0x00, 0x00, 0x03, 0xc0, 0x03, 0xc0, 0x03, 0xc0, 0x03, 0xc0, 0x00, 0x00, 0x00,
	0x00, 0x00, 0x00, 0x00, 0x00, 0x00, 0x00, 0x00, 0x00, 0x00, 0x00, 0x00, 0x00,
	0x00, 0x00, 0x00, 0x00, 0x00, 0x00, 0x00, 0x00, 0x00, 0x00, 0x00, 0x00,

	0x00, 0x00, 0x00, 0x00, 0x00, 0x00, 0x00, 0x00, 0x00, 0x00, 0x00, 0x00, 0x00,
	0x00, 0x00, 0x00, 0x00, 0x00, 0x00, 0x00, 0x00, 0x00, 0x00, 0x00, 0x00, 0x00,
	0x00, 0x00, 0x03, 0xc0, 0x03, 0xc0, 0x00, 0x00, 0x00, 0x00, 0x00, 0x00, 0x00,
	0x00, 0x00, 0x00, 0x00, 0x00, 0x00, 0x00, 0x00, 0x00, 0x00, 0x00, 0x00, 0x00,
	0x00, 0x00, 0x00, 0x00, 0x00, 0x00, 0x00, 0x00, 0x00, 0x00, 0x00, 0x00,

	0x00, 0x00, 0x00, 0x00, 0x00, 0xff, 0x00, 0xff, 0x00, 0xf0, 0x00, 0xf0, 0x00,
	0xf0, 0x00, 0xf0, 0x00, 0xf0, 0x00, 0xf0, 0x00, 0xf0, 0x00, 0xf0, 0x00, 0xf0,
	0x00, 0xf0, 0xfc, 0xf0, 0xfc, 0xf0, 0x3c, 0xf0, 0x3c, 0xf0, 0x3c, 0xf0, 0x3c,
	0xf0, 0x0f, 0xf0, 0x0f, 0xf0, 0x03, 0xf0, 0x03, 0xf0, 0x00, 0x00, 0x00, 0x00,
	0x00, 0x00, 0x00, 0x00, 0x00, 0x00, 0x00, 0x00, 0x00, 0x00, 0x00, 0x00,

	0x00, 0x00, 0x00, 0x00, 0x3c, 0xf0, 0x3c, 0xf0, 0x0f, 0x3c, 0x0f, 0x3c, 0x0f,
	0x3c, 0x0f, 0x3c, 0x0f, 0x3c, 0x0f, 0x3c, 0x0f, 0x3c, 0x0f, 0x3c, 0x0f, 0x3c,
	0x0f, 0x3c, 0x00, 0x00, 0x00, 0x00, 0x00, 0x00, 0x00, 0x00, 0x00, 0x00, 0x00,
	0x00, 0x00, 0x00, 0x00, 0x00, 0x00, 0x00, 0x00, 0x00, 0x00, 0x00, 0x00, 0x00,
	0x00, 0x00, 0x00, 0x00, 0x00, 0x00, 0x00, 0x00, 0x00, 0x00, 0x00, 0x00,

	0x00, 0x00, 0x00, 0x00, 0x0f, 0xf0, 0x0f, 0xf0, 0x3c, 0x3c, 0x3c, 0x3c, 0x00,
	0xf0, 0x00, 0xf0, 0x03, 0xc0, 0x03, 0xc0, 0x0f, 0x0c, 0x0f, 0x0c, 0x3f, 0xfc,
	0x3f, 0xfc, 0x00, 0x00, 0x00, 0x00, 0x00, 0x00, 0x00, 0x00, 0x00, 0x00, 0x00,
	0x00, 0x00, 0x00, 0x00, 0x00, 0x00, 0x00, 0x00, 0x00, 0x00, 0x00, 0x00, 0x00,
	0x00, 0x00, 0x00, 0x00, 0x00, 0x00, 0x00, 0x00, 0x00, 0x00, 0x00, 0x00,

	0x00, 0x00, 0x00, 0x00, 0x00, 0x00, 0x00, 0x00, 0x00, 0x00, 0x00, 0x00, 0x00,
	0x00, 0x00, 0x00, 0x3f, 0xfc, 0x3f, 0xfc, 0x3f, 0xfc, 0x3f, 0xfc, 0x3f, 0xfc,
	0x3f, 0xfc, 0x3f, 0xfc, 0x3f, 0xfc, 0x3f, 0xfc, 0x3f, 0xfc, 0x3f, 0xfc, 0x3f,
	0xfc, 0x3f, 0xfc, 0x3f, 0xfc, 0x00, 0x00, 0x00, 0x00, 0x00, 0x00, 0x00, 0x00,
	0x00, 0x00, 0x00, 0x00, 0x00, 0x00, 0x00, 0x00, 0x00, 0x00, 0x00, 0x00,

	0x00, 0x00, 0x00, 0x00, 0x00, 0x00, 0x00, 0x00, 0x00, 0x00, 0x00, 0x00, 0x00,
	0x00, 0x00, 0x00, 0x00, 0x00, 0x00, 0x00, 0x00, 0x00, 0x00, 0x00, 0x00, 0x00,
	0x00, 0x00, 0x00, 0x00, 0x00, 0x00, 0x00, 0x00, 0x00, 0x00, 0x00, 0x00, 0x00,
	0x00, 0x00, 0x00, 0x00, 0x00, 0x00, 0x00, 0x00, 0x00, 0x00, 0x00, 0x00, 0x00,
	0x00, 0x00, 0x00, 0x00, 0x00, 0x00, 0x00, 0x00, 0x00, 0x00, 0x00, 0x00,
};

#endif
